NUTSID,NUTSName,Year,CDUCSU,SPD,B90GR,PDS,FDP,REP,MUT,Graue,FAMILIE,NPD,DP,Frauen,DE,PBC,AUK,V19,CM,AUFBRUCH,DKP,BP,ZENT,PSG,BSo,Other,Electorate,Votes,Validvotes,Invalidvotes
DE111,"Stuttgart, Stadtkreis",2004,68784,38920,40652,3414,14148,6006,2464,2803,1090,398,1040,946,670,759,510,168,194,244,211,0,114,109,148,5511,359727,186982,183792,3190
DE112,Böblingen,2004,61698,25948,20171,1303,10263,3634,1674,1194,1390,464,598,871,769,1884,535,165,227,150,67,0,92,80,61,5963,249380,136903,133238,3665
DE113,Esslingen,2004,85103,38980,29243,1750,13217,9473,2539,2449,1881,574,1053,1228,919,1421,778,200,362,230,108,0,127,84,81,7165,352765,196921,191800,5121
DE114,Göppingen,2004,42199,19599,10845,798,6212,3374,1283,815,1071,564,508,640,546,615,467,190,151,194,68,0,77,57,42,4119,180321,93564,90315,3249
DE115,Ludwigsburg,2004,80534,39266,28277,2163,13271,7154,2675,3543,1802,660,798,1420,928,1493,646,194,326,197,131,0,123,96,79,7091,346244,190854,185776,5078
DE116,Rems-Murr-Kreis,2004,67733,30550,20252,1489,12390,5990,2030,1500,1630,599,1059,1049,875,2064,617,188,264,204,105,0,113,90,102,7329,288651,155225,150893,4332
DE117,"Heilbronn, Stadtkreis",2004,15828,9135,3618,485,2599,2083,320,296,223,173,285,221,144,142,79,91,39,32,21,0,18,21,6,1272,77530,36857,35859,998
DE118,"Heilbronn, Landkreis",2004,57130,26939,11374,1107,9205,5147,1519,838,1235,883,1079,741,681,1010,321,279,234,128,77,0,80,45,37,5595,231215,124755,120089,4666
DE119,Hohenlohekreis,2004,21091,8050,3621,336,3640,1267,524,296,486,442,181,318,313,554,187,85,86,62,18,0,36,30,25,2337,80032,43253,41648,1605
DE11A,Schwäbisch Hall,2004,29978,13925,8165,643,5572,1968,890,487,812,540,925,617,396,1106,244,127,132,94,46,0,52,42,24,4345,138620,69789,66785,3004
DE11B,Main-Tauber-Kreis,2004,32904,9909,5206,427,3337,1620,672,434,617,703,588,461,300,426,201,115,128,78,43,0,40,44,16,3143,104539,61171,58269,2902
DE11C,Heidenheim,2004,22240,11000,4979,399,2413,1741,539,419,459,228,496,308,311,450,151,385,75,55,253,0,39,42,21,2814,97196,48727,47003,1724
DE11D,Ostalbkreis,2004,62455,22835,12107,968,5626,4235,1156,849,1177,487,395,990,582,914,330,205,207,124,70,0,81,62,42,4489,229514,120841,115897,4944
DE121,"Baden-Baden, Stadtkreis",2004,8836,3217,2922,216,1680,270,269,177,179,115,50,96,139,68,50,27,31,13,17,0,24,10,6,646,40125,18973,18412,561
DE122,"Karlsruhe, Stadtkreis",2004,33137,19812,18582,1888,7806,1032,1096,894,691,521,554,456,390,488,329,229,79,102,121,0,55,66,46,3436,197232,90620,88374,2246
DE123,"Karlsruhe, Landkreis",2004,81623,34121,18328,1398,11216,4452,2489,1407,1913,899,386,1002,1038,1227,564,278,416,341,119,0,150,122,80,6622,312973,171860,163569,8291
DE124,Rastatt,2004,42026,15304,8563,639,4875,1947,1311,636,975,440,208,548,503,252,247,205,122,115,76,0,147,62,23,2948,165459,83294,79224,4070
DE125,"Heidelberg, Stadtkreis",2004,16280,10096,13868,1048,3957,398,484,334,233,176,289,221,170,121,96,59,50,32,62,0,36,30,13,1355,93521,49037,48053,984
DE126,"Mannheim, Stadtkreis",2004,32403,24564,12506,1717,4980,2107,1292,1217,801,782,130,563,542,316,237,203,89,110,215,0,71,62,49,3369,199179,87327,84956,2371
DE127,Neckar-Odenwald-Kreis,2004,35610,11210,4478,449,2715,1437,741,423,693,361,267,396,420,339,198,117,123,92,43,0,53,50,27,2486,110455,63691,60242,3449
DE128,Rhein-Neckar-Kreis,2004,95106,48134,28397,2159,14766,4159,3396,2320,2302,2121,585,1328,1400,896,597,529,361,232,188,0,208,168,96,8709,387787,219676,209448,10228
DE129,"Pforzheim, Stadtkreis",2004,15238,6043,3656,389,2358,1273,501,367,305,204,75,224,263,160,209,101,36,60,29,0,35,23,15,1434,79102,32599,31564,1035
DE12A,Calw,2004,28993,9658,6412,521,4217,1707,804,624,814,440,195,406,539,1122,284,140,237,88,39,0,97,47,33,3667,109374,59869,57417,2452
DE12B,Enzkreis,2004,32259,15722,9187,612,5153,2313,1152,707,955,393,213,442,582,1124,336,157,164,94,45,0,72,55,32,3709,139182,75315,71769,3546
DE12C,Freudenstadt,2004,23188,7380,4266,357,3045,1591,581,366,647,234,151,279,381,697,144,70,151,63,26,0,37,29,12,2274,87130,45537,43695,1842
DE131,"Freiburg im Breisgau, Stadtkreis",2004,21422,12958,26303,1741,3739,644,942,693,560,226,410,543,253,200,164,92,92,113,154,0,67,83,31,2428,142000,72860,71430,1430
DE132,Breisgau-Hochschwarzwald,2004,47353,18252,19244,905,6847,1514,1613,1030,1320,405,404,674,667,543,374,133,268,161,83,0,83,79,43,3917,181517,106270,101995,4275
DE133,Emmendingen,2004,26765,13210,10281,568,3843,1009,1239,567,802,319,174,426,471,250,217,113,192,88,59,0,62,46,23,2440,115984,63864,60724,3140
DE134,Ortenaukreis,2004,79737,28728,18294,1517,8582,3385,2281,1321,2305,823,376,1245,1339,757,564,335,373,306,94,0,163,156,65,6596,307032,161180,152746,8434
DE135,Rottweil,2004,27658,8489,4606,354,3529,1162,702,523,753,348,1214,409,494,428,200,98,151,98,27,0,52,44,32,3595,103277,54530,51371,3159
DE136,Schwarzwald-Baar-Kreis,2004,37681,12822,7988,616,5286,1418,1041,814,865,585,315,537,592,777,283,149,182,94,47,0,72,58,37,3728,150893,75726,72259,3467
DE137,Tuttlingen,2004,27913,7612,4472,305,3599,989,615,430,572,477,167,313,381,280,147,81,98,61,40,0,59,33,25,2162,94715,51285,48669,2616
DE138,Konstanz,2004,42376,16248,16140,1239,6853,1280,1242,1073,1113,452,319,681,567,471,405,150,172,153,91,0,117,66,57,3701,192162,94937,91265,3672
DE139,Lörrach,2004,30228,17090,11865,1053,5148,1683,1131,873,875,361,201,497,480,768,401,132,158,117,51,0,78,45,28,3317,156808,76881,73263,3618
DE13A,Waldshut,2004,30677,10525,7634,485,3625,1795,831,622,693,222,499,442,341,501,177,64,134,92,29,0,42,49,23,2615,117055,62436,59502,2934
DE141,Reutlingen,2004,47078,18125,14786,1142,8037,2284,1282,838,1113,655,348,570,764,666,363,195,268,145,82,0,387,57,41,4541,195041,102936,99226,3710
DE142,"Tübingen, Landkreis",2004,31300,14611,19369,2109,5164,2488,777,533,745,222,514,492,360,515,333,66,190,71,84,0,101,47,24,3019,145022,82300,80115,2185
DE143,Zollernalbkreis,2004,36912,11378,6209,490,4372,2207,1024,646,935,562,201,613,715,601,289,191,189,152,55,0,91,61,40,3760,140120,71156,67933,3223
DE144,"Ulm, Stadtkreis",2004,15609,8213,7430,587,2569,541,461,375,357,247,241,240,257,130,131,81,66,85,36,0,26,34,29,1603,78757,38664,37745,919
DE145,Alb-Donau-Kreis,2004,43274,11913,8390,526,3821,2321,904,582,945,610,441,508,509,498,276,142,221,132,45,0,73,60,39,3554,134395,79272,76230,3042
DE146,Biberach,2004,46867,8545,7342,358,3910,3128,784,450,981,570,728,873,382,272,263,117,281,97,44,0,60,46,47,3780,136736,79360,76145,3215
DE147,Bodenseekreis,2004,39814,12528,11868,717,5285,1073,1211,797,979,470,744,647,511,404,478,165,198,125,38,0,92,68,36,3976,147059,80666,78248,2418
DE148,Ravensburg,2004,57004,13119,14031,706,5079,1849,1332,817,1303,463,2275,700,654,566,406,191,309,175,66,0,122,74,52,6053,195571,104747,101293,3454
DE149,Sigmaringen,2004,32130,6425,4602,395,2729,1671,671,490,695,412,227,350,384,193,243,152,108,85,40,0,66,33,22,2315,95714,54702,52123,2579
DE211,"Ingolstadt, Kreisfreie Stadt",2004,13726,3946,3013,340,1141,829,169,157,139,80,1064,88,104,105,59,40,34,31,15,200,20,9,8,1857,85221,25592,25317,275
DE212,"München, Kreisfreie Stadt",2004,134512,60674,75317,5153,19444,3798,3659,2844,1356,983,5971,1145,1209,523,761,505,460,854,404,2332,207,126,323,15803,835708,324737,322560,2177
DE213,"Rosenheim, Kreisfreie Stadt",2004,8179,2100,1970,171,564,850,170,116,81,27,530,51,61,39,30,26,36,24,12,177,16,5,16,1050,41202,15400,15251,149
DE214,Altötting,2004,21042,3717,2121,147,1007,966,271,173,207,194,870,113,146,33,62,36,77,34,19,359,24,18,71,2056,82873,32049,31707,342
DE215,Berchtesgadener Land,2004,17793,3007,2636,174,923,905,308,161,161,84,712,77,100,161,50,86,128,34,20,264,38,21,15,1790,73284,28141,27858,283
DE216,Bad Tölz-Wolfratshausen,2004,24859,4620,4587,240,1672,465,367,235,233,113,856,139,138,76,94,55,62,79,31,768,21,19,26,2477,87400,40270,39755,515
DE217,Dachau,2004,22340,4822,4587,286,1550,560,345,231,267,94,1132,103,119,59,64,83,63,60,20,425,26,15,39,2302,94987,37689,37290,399
DE218,Ebersberg,2004,23061,5521,6342,351,1888,455,421,254,260,102,977,113,138,61,112,44,87,97,33,503,25,18,24,2334,89172,41274,40887,387
DE219,Eichstätt,2004,24354,5526,3082,276,1176,768,260,115,221,147,1486,132,146,81,83,53,79,58,18,410,36,17,14,2760,90502,38925,38538,387
DE21A,Erding,2004,20870,3771,3718,278,1412,1232,312,156,235,94,1417,120,96,38,76,30,75,49,15,503,19,20,21,2573,88178,34863,34557,306
DE21B,Freising,2004,26023,5342,6436,380,2153,774,433,264,315,229,1474,166,163,68,116,55,86,59,45,615,20,22,11,3129,110136,45659,45249,410
DE21C,Fürstenfeldbruck,2004,34911,9988,10922,534,3043,950,716,580,424,148,1154,191,251,123,163,183,111,236,41,688,51,37,22,3399,146807,66051,65467,584
DE21D,Garmisch-Partenkirchen,2004,17540,2090,2266,110,1090,253,240,157,114,60,1149,75,85,55,39,55,41,48,9,320,21,11,11,1979,64732,26100,25839,261
DE21E,Landsberg a. Lech,2004,18979,3714,4980,231,1759,397,307,175,198,103,817,130,123,134,107,62,62,61,16,666,40,17,22,2360,80887,33365,33100,265
DE21F,Miesbach,2004,18673,3246,3351,164,1284,573,305,145,124,60,483,95,90,40,58,29,48,38,16,354,31,7,14,1363,69533,29568,29228,340
DE21G,Mühldorf a. Inn,2004,19651,2894,2355,175,981,802,297,135,182,162,858,85,150,54,81,44,95,48,22,499,32,20,30,2180,82993,30012,29652,360
DE21H,"München, Landkreis",2004,52097,15826,16726,891,6747,1183,1058,788,464,223,2263,295,348,135,245,144,121,181,66,897,63,50,59,5090,219666,101615,100870,745
DE21I,Neuburg-Schrobenhausen,2004,17666,3197,1810,154,884,544,189,114,160,97,382,112,92,42,47,40,31,23,19,301,26,11,8,1231,68038,26185,25949,236
DE21J,Pfaffenhofen a. d. Ilm,2004,20251,4170,3012,253,1323,767,236,166,183,88,1074,107,107,83,54,37,55,48,25,404,21,16,15,2134,85211,32760,32495,265
DE21K,"Rosenheim, Landkreis",2004,46277,7691,8344,465,2827,2426,695,420,447,161,2278,232,279,129,200,111,166,127,55,1064,64,30,115,5011,178572,75247,74603,644
DE21L,Starnberg,2004,24345,5734,8284,287,3419,376,482,271,218,115,1026,122,133,48,100,68,41,94,23,400,21,18,29,2238,93875,45995,45654,341
DE21M,Traunstein,2004,32125,5800,5379,333,1789,1022,488,305,262,201,1476,131,177,147,126,61,134,79,34,994,34,15,52,3661,128468,51868,51164,704
DE21N,Weilheim-Schongau,2004,22311,4993,4527,310,1524,716,357,211,227,106,1610,107,147,95,123,118,72,71,24,578,41,17,19,3128,96368,38685,38304,381
DE221,"Landshut, Kreisfreie Stadt",2004,11233,2511,2421,173,791,359,267,129,116,87,533,83,121,31,50,38,34,25,31,219,17,10,11,1290,45571,19626,19290,336
DE222,"Passau, Kreisfreie Stadt",2004,7280,1792,1633,127,848,343,109,73,54,38,1082,38,63,21,12,19,14,19,6,108,5,5,3,1433,38613,13800,13692,108
DE223,"Straubing, Kreisfreie Stadt",2004,6591,1225,588,86,310,267,115,63,45,98,715,29,50,28,25,15,12,14,3,109,4,3,4,1109,34081,10518,10399,119
DE224,Deggendorf,2004,17661,3194,1717,140,856,1150,212,135,151,225,777,110,147,61,36,48,73,29,13,413,24,13,14,1983,89363,27494,27199,295
DE225,Freyung-Grafenau,2004,10518,1821,749,87,488,492,110,89,72,82,929,52,83,41,21,33,30,19,7,387,16,4,3,1707,64047,16285,16133,152
DE226,Kelheim,2004,23498,5082,2334,196,1175,777,300,116,239,197,1319,147,161,49,52,53,59,41,20,495,26,13,17,2649,84079,37120,36366,754
DE227,"Landshut, Landkreis",2004,28134,4065,3211,255,1608,883,432,169,315,240,1324,146,204,53,68,55,83,74,29,734,36,21,20,3087,110627,42547,42159,388
DE228,"Passau, Landkreis",2004,29740,5526,2463,247,1403,861,384,224,279,178,2144,157,232,62,64,62,99,54,23,548,37,23,25,3708,145556,45365,44835,530
DE229,Regen,2004,10842,2012,771,89,497,557,119,97,93,114,885,52,80,22,30,39,23,20,15,318,10,11,5,1624,63851,16864,16701,163
DE22A,Rottal-Inn,2004,20074,2809,1676,163,821,524,208,123,156,234,1096,77,132,17,36,38,78,35,13,464,19,11,51,2301,91254,29141,28855,286
DE22B,Straubing-Bogen,2004,19529,2324,949,115,851,609,207,111,124,300,2290,99,97,21,36,35,35,31,15,437,23,9,7,3435,73854,28544,28254,290
DE22C,Dingolfing-Landau,2004,16195,2636,1125,126,640,790,180,96,129,170,1225,84,96,31,43,41,33,43,11,354,16,9,13,2169,69560,24392,24086,306
DE231,"Amberg, Kreisfreie Stadt",2004,6405,1976,1003,111,415,230,96,83,52,63,510,43,61,39,48,39,21,12,6,89,16,2,6,955,33803,11466,11326,140
DE232,"Regensburg, Kreisfreie Stadt",2004,17153,5466,5992,522,1441,437,291,240,163,169,2078,109,120,55,63,85,47,44,39,339,28,10,21,3207,96510,35188,34912,276
DE233,"Weiden i. d. OPf.,Kreisfreie Stadt",2004,6050,2143,874,109,399,195,86,58,76,64,295,35,55,14,136,20,20,17,16,76,9,11,7,775,33492,10947,10765,182
DE234,Amberg-Sulzbach,2004,18658,5535,1927,191,920,631,253,127,197,174,1331,108,190,106,142,56,64,50,23,371,32,19,18,2684,82529,31497,31123,374
DE235,Cham,2004,21269,3133,1459,125,730,668,240,137,155,187,834,104,156,76,35,357,83,39,22,507,30,13,13,2456,101500,30785,30372,413
DE236,Neumarkt i. d. OPf.,2004,27822,4150,2687,226,1093,581,301,152,230,212,1133,112,133,68,59,73,74,44,25,413,47,15,18,2426,95956,40067,39668,399
DE237,Neustadt a. d. Waldnaab,2004,17503,5180,1260,133,800,608,213,98,178,229,727,115,121,42,865,56,68,44,13,313,21,23,6,2643,77126,29048,28616,432
DE238,"Regensburg, Landkreis",2004,31422,7290,4255,437,1709,1060,435,198,356,230,3285,165,209,76,92,147,76,57,25,721,60,34,33,5210,137989,52910,52372,538
DE239,Schwandorf,2004,23434,6953,1909,275,863,822,291,166,241,197,1042,155,199,51,63,91,94,45,32,467,43,17,12,2508,113446,38000,37462,538
DE23A,Tirschenreuth,2004,15807,3675,1044,115,610,387,200,116,142,140,380,97,108,23,311,35,72,26,16,225,33,16,11,1493,62244,23896,23589,307
DE241,"Bamberg, Kreisfreie Stadt",2004,10449,2762,3607,218,1035,502,175,124,121,71,382,88,87,45,42,29,25,28,24,164,19,14,12,1030,52994,20211,20023,188
DE242,"Bayreuth, Kreisfreie Stadt",2004,10708,4365,3069,286,1284,380,192,127,102,100,212,87,87,113,56,82,44,32,22,90,22,11,12,970,57836,21667,21483,184
DE243,"Coburg, Kreisfreie Stadt",2004,5811,2778,1562,182,742,177,102,75,82,120,253,40,52,35,22,37,15,11,12,56,9,8,4,674,32836,12288,12185,103
DE244,"Hof, Kreisfreie Stadt",2004,7096,2571,922,140,483,393,125,73,72,46,122,31,59,141,30,36,22,13,12,68,11,3,6,600,37200,12633,12475,158
DE245,"Bamberg, Landkreis",2004,29408,5052,3330,261,1427,1618,374,185,351,333,637,170,241,160,127,75,94,86,34,640,37,21,22,2677,110652,45116,44683,433
DE246,"Bayreuth, Landkreis",2004,20822,6205,2381,256,1027,1086,276,164,230,196,355,117,172,128,94,48,55,51,20,263,26,21,14,1560,85897,34394,34007,387
DE247,"Coburg, Landkreis",2004,14817,6803,2076,285,1151,412,224,106,230,447,310,99,122,77,42,42,24,40,13,176,16,24,9,1441,71566,27927,27545,382
DE248,Forchheim,2004,22164,5196,3835,275,1388,1306,315,176,233,275,457,129,120,187,67,52,69,35,21,244,24,15,13,1708,86136,36900,36596,304
DE249,"Hof, Landkreis",2004,19210,7106,1799,267,893,716,302,159,203,131,296,96,143,385,48,81,63,36,20,202,30,21,13,1565,84979,32562,32220,342
DE24A,Kronach,2004,18420,8464,1217,212,728,532,239,87,170,409,170,116,121,125,40,47,41,27,17,142,21,25,7,1308,59899,32839,31377,1462
DE24B,Kulmbach,2004,13579,5671,1875,193,939,648,222,94,166,368,249,75,114,102,51,48,46,27,25,130,23,14,11,1283,62562,25003,24670,333
DE24C,Lichtenfels,2004,13831,3534,1195,127,602,364,147,98,129,495,256,90,99,106,33,42,49,37,13,149,22,15,10,1416,55311,21726,21443,283
DE24D,Wunsiedel i. Fichtelgebirge,2004,13219,5712,1323,178,601,427,261,133,152,240,185,70,127,117,41,59,38,29,16,182,27,21,12,1164,66236,23562,23170,392
DE251,"Ansbach, Kreisfreie Stadt",2004,5221,2142,1664,117,418,333,111,81,84,51,510,45,54,94,30,17,18,14,19,50,12,5,8,927,30836,11208,11098,110
DE252,"Erlangen, Kreisfreie Stadt",2004,16162,7879,7633,536,2094,350,336,245,212,173,903,167,121,105,91,64,35,45,43,139,13,35,30,1964,73606,37815,37411,404
DE253,"Fürth, Kreisfreie Stadt",2004,12886,6896,4284,511,1091,639,332,247,226,505,371,127,145,125,68,43,24,31,34,141,52,26,14,1706,79988,29153,28818,335
DE254,"Nürnberg, Kreisfreie Stadt",2004,62750,30828,21893,2732,5068,2711,1446,1311,799,1632,1668,542,723,573,290,267,155,257,179,637,156,98,78,7255,337154,138384,136793,1591
DE255,"Schwabach, Kreisfreie Stadt",2004,5563,2347,1585,125,458,218,125,90,66,77,231,44,45,99,20,23,17,18,7,59,19,6,4,669,28694,11376,11246,130
DE256,"Ansbach, Landkreis",2004,30399,7745,5384,389,1766,1656,394,220,389,308,1228,218,215,656,103,114,106,74,36,338,44,28,38,3506,138510,52414,51848,566
DE257,Erlangen-Höchstadt,2004,23147,8055,6139,403,2078,554,362,276,279,308,581,150,137,174,97,51,52,47,19,197,42,15,23,1893,98184,43536,43186,350
DE258,"Fürth, Landkreis",2004,19167,8241,4806,393,1562,938,414,287,274,347,485,160,169,237,82,62,78,72,18,217,38,16,18,1999,87254,38514,38081,433
DE259,Nürnberger Land,2004,28031,11847,7342,517,2180,1208,529,313,337,397,663,205,185,418,100,66,83,73,80,385,100,20,22,2797,127650,55596,55101,495
DE25A,Neustadt a. d. Aisch-Bad Windsheim,2004,17453,5114,2926,207,1051,589,245,115,282,342,860,100,88,213,59,55,45,48,19,177,35,14,11,2066,76525,30365,30048,317
DE25B,Roth,2004,22770,6949,4220,325,1401,681,395,252,258,240,481,137,140,202,87,52,50,50,22,242,66,25,22,1816,94887,39501,39067,434
DE25C,Weißenburg-Gunzenhausen,2004,18571,4690,2522,243,850,693,209,115,166,149,925,102,89,228,48,28,52,40,23,176,29,13,17,1919,72468,30307,29978,329
DE261,"Aschaffenburg, Kreisfreie Stadt",2004,8619,2663,2285,281,993,392,127,146,103,75,200,84,73,23,41,27,40,20,19,58,12,5,10,687,49786,16558,16296,262
DE262,"Schweinfurt, Kreisfreie Stadt",2004,7101,3282,1177,167,556,591,105,130,76,97,214,49,78,48,25,34,35,13,10,54,10,16,3,686,40029,14054,13871,183
DE263,"Würzburg, Kreisfreie Stadt",2004,17447,6433,8517,579,2425,1833,353,310,211,89,1107,165,115,136,76,41,60,55,30,125,35,25,20,2079,98542,40581,40187,394
DE264,"Aschaffenburg, Landkreis",2004,30902,8020,5401,478,2551,1574,541,322,465,191,593,227,262,44,134,85,172,82,45,251,48,29,28,2191,131888,53477,52445,1032
DE265,Bad Kissingen,2004,23106,4351,2657,224,1348,1305,302,193,248,157,664,146,246,142,65,66,110,37,22,203,40,26,28,1952,85824,36183,35686,497
DE266,Rhön-Grabfeld,2004,18895,2984,1861,184,990,921,189,129,195,152,285,131,161,71,36,69,89,48,22,156,32,20,9,1281,65689,28068,27629,439
DE267,Haßberge,2004,16370,4272,1901,192,1156,824,219,115,214,551,690,100,122,79,45,60,58,34,16,212,36,18,6,2027,68427,27680,27290,390
DE268,Kitzingen,2004,15555,4063,2254,180,1152,1087,216,142,187,312,677,162,90,128,62,31,73,30,22,184,21,10,10,1812,67530,26924,26648,276
DE269,Miltenberg,2004,21873,5804,3149,286,1674,888,327,160,300,161,480,155,176,65,86,91,88,53,22,173,31,34,15,1630,95789,36694,36091,603
DE26A,Main-Spessart,2004,23887,6342,3665,283,1597,1455,450,202,285,129,798,154,195,218,75,74,56,63,22,218,53,32,25,2112,101663,40878,40278,600
DE26B,"Schweinfurt, Landkreis",2004,23571,5627,2864,293,1284,1479,293,245,298,243,567,188,206,119,85,75,146,59,12,210,36,24,20,1990,90231,38507,37944,563
DE26C,"Würzburg, Landkreis",2004,27945,8884,6529,447,2484,2695,563,336,391,191,1106,227,156,177,116,66,93,45,40,251,41,28,29,2566,122550,53518,52840,678
DE271,"Augsburg, Kreisfreie Stadt",2004,35348,11136,10257,768,2728,1693,753,532,364,297,1203,265,436,214,150,156,152,124,66,526,80,42,66,3777,178486,68160,67356,804
DE272,"Kaufbeuren, Kreisfreie Stadt",2004,10961,2399,1545,135,905,523,236,114,143,105,195,98,145,38,239,37,42,31,12,326,20,20,16,1324,32006,18649,18285,364
DE273,"Kempten (Allgäu), Kreisfreie Stadt",2004,9519,2476,1802,160,907,698,213,146,101,48,359,68,79,59,26,39,76,28,12,139,21,6,11,971,46375,17188,16993,195
DE274,"Memmingen, Kreisfreie Stadt",2004,9150,2869,1511,111,640,318,196,162,128,208,551,80,109,146,44,18,45,41,15,164,16,9,11,1457,29709,17012,16542,470
DE275,Aichach-Friedberg,2004,24680,4159,4012,227,1468,1177,323,196,254,130,920,119,138,106,73,42,97,40,25,395,37,13,25,2160,94144,38971,38656,315
DE276,"Augsburg, Landkreis",2004,45021,9083,7565,434,3051,1710,668,458,486,273,1305,293,319,172,153,131,141,96,39,666,79,28,42,3737,178266,72941,72213,728
DE277,Dillingen a.d. Donau,2004,17984,3213,1961,130,1162,1207,227,129,194,201,455,110,202,63,62,54,63,44,13,269,25,16,19,1596,71398,28038,27803,235
DE278,Günzburg,2004,21063,3580,2245,228,1200,940,291,201,220,194,624,145,224,117,86,69,107,64,18,306,22,14,20,2010,88979,32305,31978,327
DE279,Neu-Ulm,2004,22800,6291,4608,359,2082,879,383,363,323,457,552,195,289,149,101,79,151,83,33,365,32,19,48,2553,117848,41178,40641,537
DE27A,Lindau (Bodensee),2004,12753,2655,3003,155,1082,259,251,189,152,78,753,97,82,48,57,32,90,42,21,178,21,11,11,1521,56579,22270,22020,250
DE27B,Ostallgäu,2004,26055,3775,3714,216,1654,624,319,212,244,149,827,143,186,92,171,64,137,78,28,1058,38,16,21,3008,100087,40135,39821,314
DE27C,Unterallgäu,2004,26975,3560,2781,209,1483,664,375,196,270,280,1233,141,200,245,147,83,177,56,21,618,35,19,41,3296,102108,40263,39809,454
DE27D,Donau-Ries,2004,25836,4849,2797,201,1158,897,311,157,209,198,812,189,183,91,54,57,79,52,28,316,31,29,21,2140,98233,38956,38555,401
DE27E,Oberallgäu,2004,30427,4597,4557,234,2162,842,435,308,322,125,906,175,189,122,117,61,187,104,21,639,28,19,27,2720,112322,47061,46604,457
DE300,Berlin,2004,243083,176955,210032,132381,49275,12621,14549,35772,11428,8502,1945,4955,4204,2182,2938,2536,1055,1467,2903,0,710,1410,1118,35925,2444105,942981,922021,20960
DE411,"Frankfurt (Oder), Kreisfreie Stadt",2004,2741,2626,994,5426,548,134,205,204,199,239,37,178,88,45,47,37,28,36,43,0,22,32,21,853,53905,14243,13930,313
DE412,Barnim,2004,7806,7291,2945,13373,1461,474,715,754,567,584,84,325,251,86,137,96,91,78,162,0,59,73,79,2105,144356,38214,37491,723
DE413,Märkisch-Oderland,2004,8922,7772,2852,15784,1794,576,731,723,716,694,81,459,294,102,175,96,86,117,170,0,31,89,73,2467,157656,43206,42337,869
DE414,Oberhavel,2004,11271,9688,4339,13190,2362,648,944,947,707,1274,100,416,333,140,160,188,105,99,95,0,44,68,63,3085,162154,48137,47181,956
DE415,Oder-Spree,2004,9210,8600,2631,14308,1849,536,701,724,801,1712,88,444,303,91,162,96,102,137,127,0,46,83,94,3485,158787,43758,42845,913
DE416,Ostprignitz-Ruppin,2004,5392,4308,1533,6118,960,185,308,260,366,275,78,186,126,108,50,54,57,53,38,0,19,35,30,1109,90566,21024,20539,485
DE417,Prignitz,2004,5745,4123,738,5374,786,199,257,174,265,331,67,170,132,79,56,63,41,47,26,0,30,34,33,1109,75725,19132,18770,362
DE418,Uckermark,2004,7307,6535,1331,9419,1317,348,377,332,567,556,55,307,187,76,98,71,76,92,113,0,33,83,57,1804,116737,29913,29337,576
DE421,"Brandenburg an der Havel, Kreisfreie Stadt",2004,2689,2756,870,3400,535,157,192,192,144,117,29,104,69,23,45,35,20,26,37,0,12,20,16,553,63906,11700,11488,212
DE422,"Cottbus, Kreisfreie Stadt",2004,3865,4175,1716,7174,918,207,204,232,221,238,41,189,97,52,83,45,32,37,61,0,22,41,24,962,88048,19870,19674,196
DE423,"Potsdam, Kreisfreie Stadt",2004,5774,7838,6073,13061,1579,286,500,535,800,285,97,244,175,86,102,76,56,61,161,0,22,71,53,1489,117109,38565,37935,630
DE424,Dahme-Spreewald,2004,9715,8032,2856,11824,1833,504,671,749,681,667,91,358,309,86,168,130,87,103,134,0,44,74,90,2341,132728,40012,39206,806
DE425,Elbe-Elster,2004,9086,5114,996,7171,1240,538,500,266,617,588,63,327,277,111,113,99,88,99,56,0,22,61,60,1964,104790,28257,27492,765
DE426,Havelland,2004,8762,6932,3259,8018,1789,503,494,585,509,435,65,284,217,94,107,75,60,59,69,0,38,53,47,1603,123962,33134,32454,680
DE427,Oberspreewald-Lausitz,2004,7069,5252,1035,8196,1124,465,387,309,470,554,60,289,248,67,108,135,76,85,62,0,22,63,49,1818,112935,26728,26125,603
DE428,Potsdam-Mittelmark,2004,12192,10832,5650,11824,3039,486,770,721,861,466,109,393,275,123,220,157,84,94,125,0,73,81,57,2257,163565,49566,48632,934
DE429,Spree-Neiße,2004,7236,4967,1166,8462,1324,523,430,323,465,506,62,279,242,101,100,192,104,68,45,0,55,57,50,1861,116515,27434,26757,677
DE42A,Teltow-Fläming,2004,8806,7749,2741,10113,1695,450,683,669,653,417,83,322,252,115,139,168,89,92,101,0,38,68,64,1948,132102,36307,35507,800
DE501,"Bremen, Kreisfreie Stadt",2004,41300,44810,36105,5816,9292,1251,2117,3447,750,1003,205,830,778,620,271,645,148,205,374,0,102,160,101,5442,399189,152371,150330,2041
DE502,"Bremerhaven, Kreisfreie Stadt",2004,8615,9585,3709,811,1968,311,551,1011,226,480,17,184,174,145,39,198,21,45,41,0,26,24,19,1413,86274,28737,28200,537
DE600,Hamburg,2004,154690,106325,103454,11872,22991,1589,3237,5640,1534,1831,677,1351,1217,1027,613,684,255,395,900,0,172,260,315,9697,1227905,428863,421029,7834
DE711,"Darmstadt, Kreisfreie Stadt",2004,12962,8500,11246,1210,3225,492,490,494,274,202,88,241,157,124,120,97,55,49,100,0,30,33,50,1346,97150,41074,40239,835
DE712,"Frankfurt am Main, Kreisfreie Stadt",2004,52916,29155,37710,5135,12170,3256,2259,2218,780,1257,338,837,556,281,339,492,229,175,414,0,170,141,118,5347,385689,153653,150946,2707
DE713,"Offenbach am Main, Kreisfreie Stadt",2004,8986,4903,3990,719,1487,756,418,334,134,413,34,164,149,34,43,65,53,34,61,0,32,30,25,1137,67489,23559,22864,695
DE714,"Wiesbaden, Kreisfreie Stadt",2004,27559,15339,12478,1240,6117,2149,778,763,352,326,152,355,261,199,155,164,118,77,106,0,63,56,107,2139,186573,70231,68914,1317
DE715,Bergstraße,2004,31058,16235,8769,851,4978,2159,1142,848,595,505,124,392,283,277,183,180,190,92,116,0,123,53,40,2558,198240,71019,69193,1826
DE716,Darmstadt-Dieburg,2004,30188,20170,13573,1490,6141,1632,1196,949,702,532,180,510,397,422,247,227,148,125,290,0,78,80,57,3293,209604,81882,79334,2548
DE717,Groß-Gerau,2004,22288,16678,8869,1312,3883,2421,883,857,500,386,106,341,374,239,212,226,93,90,161,0,57,57,59,2401,170413,61899,60092,1807
DE718,Hochtaunuskreis,2004,33012,12008,10904,1195,7864,1648,918,766,450,302,188,319,262,147,154,200,137,74,93,0,89,44,33,2042,163826,71965,70807,1158
DE719,Main-Kinzig-Kreis,2004,45241,25512,12941,2149,7226,3849,1754,1221,986,810,225,684,718,355,280,311,253,165,177,0,132,105,85,4300,296193,108823,105179,3644
DE71A,Main-Taunus-Kreis,2004,32585,12180,10997,979,7299,1260,1009,1006,492,356,126,342,283,117,128,714,146,68,87,0,59,47,48,2521,162077,71860,70328,1532
DE71B,Odenwaldkreis,2004,9992,7061,3038,469,1532,1081,434,219,235,153,63,151,159,137,66,99,50,56,45,0,21,26,21,1047,73645,26108,25108,1000
DE71C,"Offenbach, Landkreis",2004,41667,17489,12588,1521,6672,1634,1175,1076,659,589,215,471,472,188,230,459,185,102,133,0,103,91,48,3286,236705,90386,87767,2619
DE71D,Rheingau-Taunus-Kreis,2004,24360,12208,8487,713,4919,1422,750,535,391,248,117,281,209,158,137,141,81,67,54,0,81,37,39,1650,137428,56843,55435,1408
DE71E,Wetteraukreis,2004,33703,19394,10855,1398,6301,1463,1157,768,663,1719,137,486,443,315,204,267,140,112,88,0,96,69,51,4127,218670,82167,79829,2338
DE721,"Gießen, Landkreis",2004,24549,17655,9760,1727,5191,1178,814,533,424,481,186,317,333,386,133,331,128,92,139,0,114,57,44,2741,189558,66210,64572,1638
DE722,Lahn-Dill-Kreis,2004,26575,15365,5812,1085,3834,1433,667,454,469,829,117,257,290,991,124,205,187,75,106,0,83,54,44,3362,194383,60289,59056,1233
DE723,Limburg-Weilburg,2004,24660,10890,4375,562,2961,845,582,508,376,304,94,249,254,118,109,177,100,64,47,0,79,33,36,1664,131479,48945,47423,1522
DE724,Marburg-Biedenkopf,2004,25692,17360,10611,2203,3837,1427,737,582,479,468,224,360,317,476,119,174,214,76,146,0,72,49,55,2750,183501,67211,65678,1533
DE725,Vogelsbergkreis,2004,13403,8224,3074,476,2357,921,381,236,263,295,52,179,197,127,73,145,57,53,59,0,55,32,20,1344,91944,31742,30679,1063
DE731,"Kassel, Kreisfreie Stadt",2004,15945,12928,11642,2039,3185,567,618,736,309,261,96,271,249,144,122,224,87,79,132,0,58,73,35,1831,138804,51674,49800,1874
DE732,Fulda,2004,35744,9261,5250,695,3630,1426,572,478,546,370,281,337,400,197,128,279,255,106,86,0,112,52,37,2640,165295,61976,60242,1734
DE733,Hersfeld-Rotenburg,2004,13464,12596,2831,663,2136,714,432,349,349,569,50,219,229,188,99,133,82,57,55,0,28,26,22,1757,100940,36713,35291,1422
DE734,"Kassel, Landkreis",2004,23518,26777,8224,1438,4219,836,901,957,638,366,86,420,433,246,167,383,133,100,84,0,72,56,38,2584,192690,73832,70092,3740
DE735,Schwalm-Eder-Kreis,2004,19130,21307,5331,1049,4141,946,678,497,534,731,76,350,376,200,116,277,110,73,81,0,49,61,27,2527,150019,59392,56140,3252
DE736,Waldeck-Frankenberg,2004,18645,12032,4020,622,3579,846,439,442,369,366,84,235,248,280,79,133,93,48,40,0,46,43,26,1721,129910,44004,42715,1289
DE737,Werra-Meißner-Kreis,2004,11473,11285,3144,631,2173,549,392,340,284,219,41,202,204,70,99,124,78,39,31,0,30,31,20,1188,88643,33221,31459,1762
DE801,"Greifswald, Kreisfreie Stadt",2004,6920,2214,1478,3256,685,109,198,164,230,180,29,144,114,33,80,33,21,38,48,0,16,45,20,801,42946,16656,16055,601
DE802,"Neubrandenburg, Kreisfreie Stadt",2004,7265,3578,969,6809,783,238,300,179,347,266,20,199,130,61,53,29,23,76,73,0,17,68,26,1041,57140,22323,21509,814
DE803,"Rostock, Kreisfreie Stadt",2004,15896,11552,5284,15122,2356,390,765,1233,910,619,60,503,407,121,246,122,34,181,226,0,62,130,80,2791,163105,58360,56299,2061
DE804,"Schwerin, Kreisfreie Stadt",2004,10168,5704,2429,7083,1249,217,336,445,386,290,33,265,199,62,125,57,33,86,98,0,33,58,32,1371,78630,30451,29388,1063
DE805,"Stralsund, Kreisfreie Stadt",2004,7388,2762,1027,4637,782,223,291,239,461,670,29,221,169,64,127,38,38,88,55,0,24,40,35,1598,49169,20100,19408,692
DE806,"Wismar, Kreisfreie Stadt",2004,3857,3722,630,2522,638,89,165,157,196,126,20,108,99,16,36,35,20,35,31,0,12,28,19,585,36628,13107,12561,546
DE807,Bad Doberan,2004,19232,7517,2397,9166,2172,391,890,535,1001,524,60,483,385,83,218,102,41,157,115,0,34,103,48,2353,97459,48252,45654,2598
DE808,Demmin,2004,16734,3646,821,6808,1000,428,440,212,606,446,34,315,270,94,105,87,47,83,53,0,28,87,29,1678,73139,34640,32373,2267
DE809,Güstrow,2004,16649,5959,1319,7630,1249,471,569,278,671,461,41,388,315,156,145,71,34,105,95,0,45,77,43,1976,88240,38927,36771,2156
DE80A,Ludwigslust,2004,21795,10376,1928,9335,1841,453,738,450,968,1611,47,559,368,153,127,88,38,128,106,0,48,83,47,3403,106006,54273,51287,2986
DE80B,Mecklenburg-Strelitz,2004,13575,4753,1088,6807,1237,400,516,242,482,427,30,331,221,72,119,47,32,80,77,0,28,69,24,1557,70267,32534,30657,1877
DE80C,Müritz,2004,10970,4239,1240,5327,1134,305,407,178,528,737,39,347,187,65,75,38,25,78,47,0,26,55,24,1743,56533,27881,26071,1810
DE80D,Nordvorpommern,2004,21014,5321,1408,8338,1440,465,692,395,843,644,49,468,376,97,242,101,46,102,110,0,43,109,45,2432,94437,44978,42348,2630
DE80E,Nordwestmecklenburg,2004,18665,8158,2079,8522,1700,409,753,351,928,573,49,501,380,79,186,84,42,148,87,0,41,104,45,2319,96586,46420,43884,2536
DE80F,Ostvorpommern,2004,21432,4474,1250,8210,1413,469,673,376,726,1448,34,446,396,102,186,132,49,147,101,0,44,96,45,3226,92200,44951,42249,2702
DE80G,Parchim,2004,18110,6444,1585,7872,1559,393,621,355,717,425,43,414,349,111,146,92,47,135,92,0,44,91,47,2036,85643,42201,39692,2509
DE80H,Rügen,2004,12367,3010,1063,6160,1345,317,437,262,626,327,23,264,324,55,121,65,28,103,55,0,26,76,35,1502,59992,28926,27089,1837
DE80I,Uecker-Randow,2004,13798,3616,670,7178,858,471,467,215,550,660,31,317,271,56,82,62,45,100,69,0,25,84,56,1858,65597,31940,29681,2259
DE911,"Braunschweig, Kreisfreie Stadt",2004,29003,23233,12517,2249,5146,859,966,857,463,471,130,297,283,201,119,151,88,68,136,0,51,55,48,2098,187660,78326,77391,935
DE912,"Salzgitter, Kreisfreie Stadt",2004,11664,10052,1868,638,1396,1845,383,399,175,167,29,128,136,103,29,93,50,26,26,0,40,17,15,859,80901,29865,29279,586
DE913,"Wolfsburg, Kreisfreie Stadt",2004,14758,10411,3166,708,1787,281,306,531,208,461,52,117,151,94,49,106,58,33,28,0,15,22,17,1203,92024,33908,33359,549
DE914,Gifhorn,2004,28818,16648,5238,882,2796,510,593,544,443,416,71,211,188,470,104,140,67,54,42,0,61,46,31,1901,130857,59441,58373,1068
DE915,Göttingen,2004,31158,21966,15684,1996,4593,412,650,802,484,855,149,212,294,165,153,157,137,81,170,0,57,60,42,2532,198129,81503,80277,1226
DE916,Goslar,2004,19609,13750,3959,948,2722,550,494,409,272,540,58,119,173,138,88,93,38,42,26,0,24,30,21,1390,120251,44924,44103,821
DE917,Helmstedt,2004,13260,9694,2245,537,1579,208,393,262,201,692,31,101,118,78,46,72,40,34,23,0,26,15,18,1294,77753,30180,29673,507
DE918,Northeim,2004,19123,17239,3837,788,3081,477,465,396,338,313,52,147,226,102,72,108,64,53,40,0,24,23,33,1257,117172,48111,47001,1110
DE919,Osterode am Harz,2004,10313,8368,1744,402,1383,238,295,255,190,222,29,88,111,68,27,72,26,29,21,0,23,23,13,752,67259,24456,23940,516
DE91A,Peine,2004,16528,14669,3636,690,2073,544,446,438,301,245,37,134,166,138,74,115,47,42,38,0,33,27,19,1115,103100,41107,40440,667
DE91B,Wolfenbüttel,2004,18553,13249,4393,780,2351,575,610,400,308,380,58,156,180,115,53,108,60,46,33,0,42,21,24,1276,98992,43154,42495,659
DE922,Diepholz,2004,25790,15892,7742,974,6041,451,590,650,442,351,90,220,246,349,120,154,72,72,50,0,29,29,24,1806,166243,61131,60378,753
DE923,Hameln-Pyrmont,2004,20227,14638,4830,807,3016,523,507,509,330,336,58,190,360,146,86,156,60,57,32,0,47,27,34,1589,123798,47729,46976,753
DE925,Hildesheim,2004,41950,30109,10372,1641,4695,917,826,817,560,591,146,305,345,382,171,253,141,76,71,0,71,63,45,2660,224077,96328,94547,1781
DE926,Holzminden,2004,12214,11103,2207,321,1984,213,230,232,152,293,32,102,117,112,32,47,33,25,16,0,22,27,8,866,62697,30553,29522,1031
DE927,Nienburg (Weser),2004,15807,9802,3220,456,2039,355,279,258,238,194,42,113,178,70,253,121,43,28,32,0,25,19,17,1135,96827,34025,33589,436
DE928,Schaumburg,2004,20723,16638,5123,695,2897,576,523,456,361,377,76,169,290,250,93,133,96,54,36,0,31,33,26,1664,127292,50471,49656,815
DE929,Region Hanover,2004,134929,105746,56166,7860,24027,3009,3470,4500,2126,2783,572,1039,1430,1167,631,848,426,318,460,0,214,257,281,10426,837141,357873,352259,5614
DE931,Celle,2004,25058,12133,5224,1208,3821,1448,525,495,305,273,84,169,177,238,92,162,80,47,50,0,34,36,33,1475,140016,52289,51692,597
DE932,Cuxhaven,2004,26375,14945,5676,758,3151,440,566,752,393,374,51,193,179,115,97,280,54,67,53,0,45,38,35,1581,160317,55403,54637,766
DE933,Harburg,2004,34357,16105,10647,1191,5659,466,711,1005,523,607,154,233,251,252,156,229,93,72,54,0,43,43,53,2240,183389,73902,72904,998
DE934,Lüchow-Dannenberg,2004,6720,2944,4327,354,771,123,147,185,87,85,22,48,52,82,20,63,9,27,20,0,6,33,7,474,41242,16435,16132,303
DE935,"Lüneburg, Landkreis",2004,20488,12730,11178,1389,3750,353,583,561,426,588,108,181,185,143,113,101,50,63,63,0,47,41,33,1716,132617,53896,53174,722
DE936,Osterholz,2004,12695,9688,5431,654,2314,432,445,522,250,212,50,140,123,153,58,108,29,41,46,0,15,28,25,1028,87211,33872,33459,413
DE937,Rotenburg (Wümme),2004,25265,11493,5652,600,3787,310,395,329,367,365,53,172,175,317,74,193,58,58,37,0,30,36,34,1602,125079,50379,49800,579
DE938,Soltau-Fallingbostel,2004,19826,10372,4082,627,2378,672,459,375,331,355,62,156,173,230,90,136,49,47,29,0,27,35,18,1407,108857,41059,40529,530
DE939,Stade,2004,26582,15416,6793,824,3917,331,494,696,402,577,66,186,242,141,94,185,55,52,39,0,37,28,34,1736,149663,58175,57191,984
DE93A,Uelzen,2004,13977,7437,4272,462,1526,228,263,268,175,172,44,90,118,75,42,67,36,30,25,0,24,18,16,757,77360,29777,29365,412
DE93B,Verden,2004,15631,10904,5959,846,2689,321,432,456,292,496,57,137,154,255,87,163,34,28,17,0,19,19,13,1479,102027,39390,39009,381
DE941,"Delmenhorst, Kreisfreie Stadt",2004,6963,5430,1962,428,1123,209,222,334,132,114,42,72,97,29,32,42,38,26,35,0,14,11,11,563,57441,17710,17366,344
DE942,"Emden, Kreisfreie Stadt",2004,3226,5288,1431,238,947,88,138,100,64,60,21,39,62,55,17,18,12,12,32,0,6,7,11,352,38774,12173,11872,301
DE943,"Oldenburg (Oldenburg), Kreisfreie Stadt",2004,14278,11639,11314,1676,3327,153,402,372,278,213,74,155,173,83,95,73,54,40,104,0,41,46,39,1190,120562,45236,44629,607
DE944,"Osnabrück, Kreisfreie Stadt",2004,22233,12212,9358,926,3177,206,397,487,203,231,97,154,142,114,89,102,42,49,92,0,43,41,26,1222,119389,50966,50421,545
DE945,"Wilhelmshaven, Kreisfreie Stadt",2004,8825,6916,1979,530,1730,257,303,370,167,126,25,112,121,40,50,151,26,29,29,0,19,26,14,768,66316,22380,21845,535
DE946,Ammerland,2004,13949,8158,3849,442,2872,199,272,231,259,209,43,114,136,40,70,65,35,34,27,0,24,20,18,835,88126,31573,31066,507
DE947,Aurich,2004,17485,20122,4789,833,2586,539,657,489,396,238,54,219,217,124,75,102,71,65,58,0,42,48,29,1342,147023,50874,49238,1636
DE948,Cloppenburg,2004,31149,5200,1994,320,2292,167,214,196,213,113,24,102,118,50,40,82,76,40,12,0,35,21,11,724,110904,43055,42469,586
DE949,Emsland,2004,72378,14088,5250,723,4037,432,554,493,603,269,79,265,246,102,109,169,111,82,83,0,83,47,31,1676,227465,101522,100234,1288
DE94A,Friesland,2004,11712,9110,2924,421,2625,256,353,318,284,184,31,128,130,76,72,81,35,35,37,0,26,22,13,870,79370,29741,28873,868
DE94B,Grafschaft Bentheim,2004,26066,11631,3274,329,1738,156,283,219,246,194,99,122,131,104,56,62,56,42,82,0,26,24,15,1013,94831,45758,44955,803
DE94C,Leer,2004,17525,14675,3582,614,2102,368,457,418,267,274,47,177,228,402,65,106,112,44,50,0,20,38,21,1584,124771,42562,41592,970
DE94D,"Oldenburg, Landkreis",2004,15959,9528,4741,603,3683,239,394,432,308,196,72,148,128,98,63,69,47,58,38,0,29,18,15,979,94600,37336,36866,470
DE94E,"Osnabrück, Landkreis",2004,67760,27435,10771,1154,6124,549,899,731,709,641,143,346,368,298,146,201,140,99,102,0,105,62,51,2702,266235,120354,118834,1520
DE94F,Vechta,2004,32448,5325,2319,247,2900,221,238,168,224,100,27,120,83,29,59,103,63,31,16,0,48,17,16,712,92422,45527,44802,725
DE94G,Wesermarsch,2004,9329,8064,2420,406,1953,199,232,301,203,184,31,105,101,26,55,54,23,33,20,0,14,22,12,680,71512,24274,23787,487
DE94H,Wittmund,2004,6880,4360,1126,210,933,81,152,125,100,83,19,47,72,19,26,36,8,20,16,0,5,11,9,371,44529,14672,14338,334
DEA11,"Düsseldorf, Kreisfreie Stadt",2004,69520,38891,27346,3930,16679,2756,1786,3000,889,539,329,633,576,311,331,243,157,121,333,0,170,99,140,3982,408041,170620,168779,1841
DEA12,"Duisburg, Kreisfreie Stadt",2004,40846,43572,13732,5288,6545,2282,1853,2593,1077,1093,159,685,758,227,274,295,157,148,211,0,169,166,101,4443,354684,125411,122231,3180
DEA13,"Essen, Kreisfreie Stadt",2004,63382,49764,23484,4612,10217,2864,2532,2971,1379,1057,273,902,807,299,309,274,217,224,577,0,282,155,132,5508,443351,169869,166713,3156
DEA14,"Krefeld, Kreisfreie Stadt",2004,29794,15640,9067,1425,6006,779,849,1230,462,262,102,268,289,127,115,126,109,83,88,0,99,66,46,1780,167339,68151,67032,1119
DEA15,"Mönchengladbach, Kreisfreie Stadt",2004,31793,12603,7412,1302,6135,540,769,903,440,497,116,280,289,115,119,173,71,56,50,0,83,29,35,1913,195194,64763,63810,953
DEA16,"Mülheim an der Ruhr,Kreisfreie Stadt",2004,19070,16384,6744,1277,3975,412,712,970,459,376,77,225,195,110,115,105,61,71,89,0,96,46,26,1592,130539,52716,51595,1121
DEA17,"Oberhausen, Kreisfreie Stadt",2004,17731,18512,5714,1885,2669,746,812,1087,432,569,85,264,260,82,101,144,58,63,73,0,93,55,20,1867,161859,52753,51455,1298
DEA18,"Remscheid, Kreisfreie Stadt",2004,12630,7640,3176,671,2947,487,423,456,249,176,63,142,187,95,47,78,45,32,41,0,43,21,11,981,83581,30254,29660,594
DEA19,"Solingen, Kreisfreie Stadt",2004,19462,10939,5543,1123,4688,497,522,661,338,312,118,178,205,189,83,118,62,41,70,0,52,38,32,1498,115176,46047,45271,776
DEA1A,"Wuppertal, Kreisfreie Stadt",2004,36958,25044,15420,3115,8505,2172,1332,1839,692,550,159,384,453,350,213,202,138,125,180,0,145,80,58,3037,256119,100048,98114,1934
DEA1B,Kleve,2004,52842,18722,8135,1301,7245,492,907,887,718,365,193,328,285,109,173,142,92,94,70,0,118,69,41,2079,221746,94883,93328,1555
DEA1C,Mettmann,2004,71511,38190,18752,3203,15145,1787,1774,2514,1098,975,242,718,634,527,355,288,209,153,199,0,223,82,101,4706,374982,160886,158680,2206
DEA1D,Neuss,2004,71593,29026,14599,2173,13655,1787,1497,1687,1083,585,174,631,482,168,311,227,186,98,137,0,773,81,78,3931,328533,142791,141031,1760
DEA1E,Viersen,2004,48194,18485,10361,1407,9139,775,1298,1148,808,390,108,410,332,190,179,169,74,90,55,0,117,60,41,2215,224765,95413,93830,1583
DEA1F,Wesel,2004,61591,44034,15595,3051,9744,1273,1753,2107,989,903,203,739,665,240,233,222,164,126,113,0,197,111,104,4020,357708,146796,144157,2639
DEA21,"Aachen, Kreisfreie Stadt",2004,32470,16893,17766,1922,6356,441,694,824,331,310,202,217,205,71,125,159,81,50,90,0,73,57,36,1676,173019,80573,79373,1200
DEA22,"Bonn, Kreisfreie Stadt",2004,42057,19784,23207,2265,10592,496,968,950,390,293,193,324,344,285,153,170,114,66,110,0,130,57,57,2296,210108,104341,103005,1336
DEA23,"Köln, Kreisfreie Stadt",2004,92349,64006,63241,8191,23102,2222,2426,4820,1027,1737,556,1124,833,400,545,345,311,212,348,0,279,171,190,7051,673585,270101,268435,1666
DEA24,"Leverkusen, Kreisfreie Stadt",2004,18093,11235,5423,851,3336,460,535,834,296,273,69,214,186,95,69,94,58,33,43,0,54,31,30,1249,117295,42937,42312,625
DEA25,"Aachen, Kreis",2004,42050,26298,8593,1534,6125,1555,1210,1190,733,684,147,507,356,98,163,159,97,92,86,0,114,84,62,2649,225569,94513,91937,2576
DEA26,Düren,2004,40037,19806,7177,1254,5035,722,1159,1136,662,477,112,307,330,198,161,174,122,68,92,0,82,47,50,2220,197858,81153,79208,1945
DEA27,Erftkreis,2004,60205,36737,15979,2260,12411,1228,1838,2410,954,860,249,591,545,140,281,283,149,140,100,0,142,86,63,3629,335679,140286,137651,2635
DEA28,Euskirchen,2004,31312,10884,5738,885,5288,544,780,684,471,290,102,271,248,104,179,112,129,67,43,0,65,38,33,1681,146008,59492,58267,1225
DEA29,Heinsberg,2004,41539,14738,5714,1070,5734,759,810,853,603,447,95,372,274,136,141,157,110,82,65,0,81,59,46,2065,183895,75811,73885,1926
DEA2A,Oberbergischer Kreis,2004,43176,19718,9122,1308,6779,742,932,942,619,494,213,295,355,434,161,237,242,84,132,0,102,53,41,2843,211720,87529,86181,1348
DEA2B,Rheinisch-Bergischer Kreis,2004,44828,20982,14177,1573,10229,771,1094,1296,652,451,178,404,300,401,193,140,163,72,93,0,92,36,61,2584,212235,99215,98186,1029
DEA2C,Rhein-Sieg-Kreis,2004,93355,39326,26298,3234,17910,1227,2126,2187,1047,998,347,720,896,509,361,316,244,138,114,0,241,96,82,5062,431224,194132,191772,2360
DEA31,"Bottrop, Kreisfreie Stadt",2004,13790,12612,3149,842,1747,660,536,503,353,245,572,200,175,32,62,77,37,43,325,0,50,31,21,1870,91350,37062,36062,1000
DEA32,"Gelsenkirchen, Kreisfreie Stadt",2004,22151,23882,5919,2044,3224,1955,1026,1360,658,720,90,429,436,153,144,203,155,80,138,0,107,73,56,2784,195849,66964,65003,1961
DEA33,"Münster, Kreisfreie Stadt",2004,42145,19621,23635,1957,7937,524,687,910,428,358,534,312,223,71,172,103,98,68,104,0,142,52,30,2267,203203,101049,100111,938
DEA34,Borken,2004,71320,20202,9145,1074,6812,814,808,701,737,374,140,433,303,130,206,144,148,72,128,0,195,53,31,2357,264510,115217,113970,1247
DEA35,Coesfeld,2004,42828,13824,8553,928,5601,502,615,598,601,233,216,226,241,59,114,131,92,51,43,0,113,46,19,1584,164768,76542,75634,908
DEA36,Recklinghausen,2004,75909,62025,18370,4828,10725,3354,2569,2791,1671,1249,246,1023,891,348,381,490,313,203,333,0,262,172,135,6046,491555,192016,188288,3728
DEA37,Steinfurt,2004,74043,34605,13874,1705,9177,867,1071,1079,957,628,170,477,400,162,188,213,96,89,83,0,253,60,46,2865,327325,142083,140243,1840
DEA38,Warendorf,2004,50772,19739,9180,1115,6657,928,812,761,670,413,160,370,309,95,203,156,158,96,62,0,140,36,29,2227,207964,94176,92861,1315
DEA41,"Bielefeld, Kreisfreie Stadt",2004,41052,28156,20352,2860,6497,752,1016,1210,580,733,180,373,486,444,181,291,159,82,139,0,77,105,63,3313,239975,107574,105788,1786
DEA42,Gütersloh,2004,55593,22548,12301,1355,7185,756,880,1062,705,644,342,393,438,327,158,213,169,97,69,0,122,60,38,3070,255193,106905,105455,1450
DEA43,Herford,2004,31551,22374,7346,1257,4596,873,638,675,436,423,71,250,366,248,127,182,152,61,45,0,77,58,38,2098,195282,72978,71844,1134
DEA44,Höxter,2004,32266,9198,3342,526,3044,453,315,319,489,286,172,195,237,111,87,113,115,42,33,0,63,29,14,1497,117335,52369,51449,920
DEA45,Lippe,2004,48144,35153,12636,2026,7829,1136,991,966,774,617,177,430,539,1464,221,298,177,84,91,0,88,98,59,4343,276085,116180,113998,2182
DEA46,Minden-Lübbecke,2004,40929,29671,9438,1377,7762,1618,806,790,689,504,215,357,428,637,188,191,120,87,115,0,80,69,57,3048,247334,97785,96128,1657
DEA47,Paderborn,2004,54454,14367,8643,1053,5436,916,561,554,711,364,167,302,384,198,155,180,200,68,68,0,115,48,37,2286,215835,90184,88981,1203
DEA51,"Bochum, Kreisfreie Stadt",2004,38643,40699,17628,4036,6286,1355,1943,2257,1140,1153,197,688,563,164,241,277,200,145,214,0,147,104,99,4192,290074,120947,118179,2768
DEA52,"Dortmund, Kreisfreie Stadt",2004,54095,53846,24888,6118,10025,2024,2080,3036,926,1089,272,805,644,333,342,332,238,148,332,0,176,131,107,4949,427536,163534,161987,1547
DEA53,"Hagen, Kreisfreie Stadt",2004,21038,16365,5257,1550,3519,1167,886,714,390,408,88,221,274,105,70,125,105,55,57,0,45,43,25,1621,144903,53334,52507,827
DEA54,"Hamm, Kreisfreie Stadt",2004,22178,15304,4353,939,2735,1065,519,581,388,234,45,269,202,60,72,80,81,57,54,0,64,34,29,1281,130191,50218,49343,875
DEA55,"Herne, Kreisfreie Stadt",2004,14607,15920,3951,1413,1789,1324,747,808,487,407,43,250,275,115,96,101,64,48,73,0,54,49,48,1623,122177,43935,42669,1266
DEA56,Ennepe-Ruhr-Kreis,2004,38498,34952,14226,2581,8092,1184,1837,1633,845,918,177,507,441,345,221,208,150,110,174,0,111,112,63,3537,264905,109589,107385,2204
DEA57,Hochsauerlandkreis,2004,59268,17895,5593,915,4835,941,676,680,628,395,106,294,341,107,118,147,157,68,42,0,118,47,45,1985,211171,94467,93416,1051
DEA58,Märkischer Kreis,2004,60233,30118,10516,2044,8635,2016,1452,1670,977,1275,154,583,674,544,240,311,239,133,124,0,192,76,72,4617,324763,124191,122278,1913
DEA59,Olpe,2004,31046,7446,2648,371,1998,593,269,259,259,171,61,116,135,41,44,68,56,35,30,0,70,22,10,859,103345,46272,45748,524
DEA5A,Siegen-Wittgenstein,2004,38037,20003,7400,1294,4993,1474,826,721,556,496,292,274,377,1019,189,255,225,97,84,0,88,51,61,3508,219198,80066,78812,1254
DEA5B,Soest,2004,52181,22758,8963,1401,7303,1066,914,917,740,426,132,409,425,198,142,192,244,88,93,0,125,70,63,2607,229686,100322,98850,1472
DEA5C,Unna,2004,48955,43315,13869,2852,8124,1702,1704,1878,1007,912,167,626,622,207,273,315,160,140,114,0,113,114,80,3843,315208,129628,127249,2379
DEB11,"Koblenz, Kreisfreie Stadt",2004,18865,10066,4486,596,2523,333,414,470,208,303,154,201,135,105,75,61,62,31,20,0,41,29,23,1240,81862,39836,39201,635
DEB12,Ahrweiler,2004,31553,9669,4904,514,3831,532,771,549,463,289,243,250,281,93,121,91,91,68,40,0,70,31,30,1698,99311,56528,54484,2044
DEB13,Altenkirchen (Westerwald),2004,29224,14041,3743,657,3352,666,702,461,461,278,87,242,261,583,107,137,144,84,35,0,67,50,30,2105,103451,58017,55412,2605
DEB14,Bad Kreuznach,2004,28479,20636,6300,835,5562,1150,1268,706,745,712,231,400,475,246,144,156,158,114,85,0,50,55,25,2851,121319,72110,68532,3578
DEB15,Birkenfeld,2004,14828,11001,2358,448,3018,819,591,341,431,314,76,256,240,79,90,99,44,61,87,0,27,35,17,1425,70807,37294,35260,2034
DEB16,Cochem-Zell,2004,20132,6288,1586,211,1959,370,407,269,310,179,48,138,173,86,92,55,68,41,31,0,28,29,11,979,52594,34808,32511,2297
DEB17,Mayen-Koblenz,2004,48619,22535,6656,839,5034,1035,1328,885,825,531,197,440,460,198,186,150,129,127,71,0,70,54,34,2647,164582,94389,90403,3986
DEB18,Neuwied,2004,36040,19270,6130,1020,4266,802,1071,741,633,405,154,368,335,430,166,163,111,89,63,0,76,56,31,2447,138845,75443,72420,3023
DEB19,Rhein-Hunsrück-Kreis,2004,24971,12965,3928,530,4199,655,744,410,478,276,141,245,287,285,121,93,98,54,43,0,51,46,25,1765,81747,53302,50645,2657
DEB1A,Rhein-Lahn-Kreis,2004,24722,17740,4719,638,3506,805,918,547,632,329,115,279,392,222,139,249,92,83,42,0,78,58,36,2114,99972,59337,56341,2996
DEB1B,Westerwaldkreis,2004,44855,21267,6440,1002,5127,1240,1303,816,948,663,133,449,619,591,192,184,170,111,91,0,98,69,39,3409,153770,91009,86407,4602
DEB21,"Trier, Kreisfreie Stadt",2004,14965,7523,6028,557,1901,358,491,343,265,245,152,151,107,72,85,38,47,31,59,0,35,36,7,1065,76177,34519,33496,1023
DEB22,Bernkastel-Wittlich,2004,29880,10552,3973,460,3913,702,839,450,652,371,94,290,327,63,148,101,100,96,52,0,62,66,56,1826,90069,56640,53247,3393
DEB23,Bitburg-Prüm,2004,26927,9658,3067,312,2927,504,726,369,576,291,78,243,256,61,102,80,93,78,46,0,54,38,30,1450,74729,49710,46516,3194
DEB24,Daun,2004,18287,5510,1885,230,1730,376,421,318,360,167,56,147,165,62,124,51,57,37,26,0,28,24,10,954,50064,31952,30071,1881
DEB25,Trier-Saarburg,2004,34319,15687,5855,648,3269,773,1060,590,819,543,153,416,286,97,192,90,87,91,92,0,60,65,20,2192,108797,69292,65212,4080
DEB31,"Frankenthal (Pfalz), Kreisfreie Stadt",2004,8614,4430,1404,225,911,761,260,170,155,95,27,105,81,58,29,39,26,27,24,0,13,17,6,547,34309,18093,17477,616
DEB32,"Kaiserslautern, Kreisfreie Stadt",2004,12964,9445,3674,432,2037,773,606,400,412,281,70,232,229,99,114,75,66,58,53,0,31,62,22,1392,72347,33226,32135,1091
DEB33,"Landau in der Pfalz, Kreisfreie Stadt",2004,6712,4068,2469,259,1111,339,244,161,188,116,69,125,100,133,28,24,35,39,23,0,16,19,13,740,31770,16888,16291,597
DEB34,"Ludwigshafen am Rhein, Kreisfreie Stadt",2004,19689,14337,4085,908,2479,3798,913,663,559,456,66,356,287,149,96,131,62,67,64,0,40,44,33,1851,103633,50895,49282,1613
DEB35,"Mainz, Kreisfreie Stadt",2004,26931,16147,12495,1193,4859,3947,705,641,364,145,1022,256,144,109,101,75,89,63,60,0,40,42,44,2190,128923,71260,69472,1788
DEB36,"Neustadt an der Weinstraße, Kreisfreie Stadt",2004,11116,4758,2728,238,1531,538,347,257,233,95,75,117,113,118,62,55,38,36,28,0,26,21,8,792,41677,23295,22538,757
DEB37,"Pirmasens, Kreisfreie Stadt",2004,7408,3855,1007,373,761,1735,309,175,181,80,21,120,123,47,47,27,22,33,17,0,18,23,8,586,34918,17233,16390,843
DEB38,"Speyer, Kreisfreie Stadt",2004,7559,4304,2443,309,1001,959,296,247,203,68,282,131,92,64,35,26,23,32,24,0,20,25,19,841,36497,18717,18162,555
DEB39,"Worms, Kreisfreie Stadt",2004,10952,7754,2402,538,1587,620,424,264,236,244,42,132,158,91,81,59,36,40,43,0,21,24,18,989,58890,26920,25766,1154
DEB3A,"Zweibrücken, Kreisfreie Stadt",2004,4659,3664,1003,251,932,285,225,124,190,128,89,105,100,39,70,31,18,20,19,0,8,21,6,654,27943,12548,11987,561
DEB3B,Alzey-Worms,2004,21935,17406,5066,695,4152,1793,1044,487,739,624,141,323,380,271,149,179,57,99,61,0,50,47,34,2415,95442,58627,55732,2895
DEB3C,Bad Dürkheim,2004,28057,17191,5640,637,4416,2544,1242,605,868,443,152,398,363,254,128,123,107,94,67,0,49,58,33,2269,104552,65763,63469,2294
DEB3D,Donnersbergkreis,2004,13301,11620,2790,444,2681,1114,715,352,606,722,99,266,259,117,93,95,54,75,43,0,38,55,24,1940,60291,37603,35563,2040
DEB3E,Germersheim,2004,25297,12713,4269,490,3324,2643,936,457,683,430,467,359,353,235,138,133,102,87,47,0,41,57,22,2471,90695,55541,53283,2258
DEB3F,"Kaiserslautern, Landkreis",2004,23587,14608,3434,502,2656,1795,1008,488,836,520,124,410,424,191,121,148,107,106,46,0,40,61,25,2323,83444,53944,51237,2707
DEB3G,Kusel,2004,12225,13043,2400,465,1987,1848,804,353,646,382,95,278,254,99,126,116,83,81,64,0,38,56,14,1686,61829,37998,35457,2541
DEB3H,Südliche Weinstraße,2004,25772,12779,5189,562,3749,1587,1173,476,787,634,175,394,371,335,155,117,125,126,49,0,60,54,30,2625,85834,57422,54699,2723
DEB3I,"Ludwigshafen, Landkreis",2004,30956,17162,6221,704,4590,3112,1226,748,805,397,215,449,340,198,179,145,102,124,70,0,65,57,25,2366,113732,70476,67890,2586
DEB3J,Mainz-Bingen,2004,38678,23736,10956,1147,6768,2172,1498,832,864,419,450,420,506,207,206,177,148,115,82,0,95,45,51,2921,150646,93079,89572,3507
DEB3K,Südwestpfalz,2004,26259,11916,2992,624,3302,2444,1088,504,930,525,147,406,412,178,171,149,127,126,68,0,51,53,25,2438,82658,56202,52497,3705
DEC01,Stadtverband Saarbrücken,2004,51450,37289,12825,3498,6457,1356,2053,2682,2935,3647,213,684,477,88,275,328,219,209,469,0,109,131,74,6923,260803,134499,127468,7031
DEC02,Merzig-Wadern,2004,24356,14665,2997,646,2242,562,780,601,950,457,63,243,215,100,115,116,191,79,68,0,35,38,27,1747,83257,53719,49546,4173
DEC03,Neunkirchen,2004,25167,20645,3841,1284,2258,909,1012,1006,1589,721,77,303,271,58,114,136,81,86,112,0,43,55,39,2096,114918,64061,59807,4254
DEC04,Saarlouis,2004,40319,27256,6158,1680,3784,1095,1463,1266,1997,1136,155,453,433,71,235,274,258,148,134,0,97,120,55,3569,162553,95328,88587,6741
DEC05,Saarpfalz-Kreis,2004,28495,18062,5565,1073,3190,987,936,801,2653,926,123,288,314,96,132,157,122,111,97,0,50,74,20,2510,120833,68772,64272,4500
DEC06,St. Wendel,2004,24964,13358,2651,626,1536,595,588,523,995,415,42,201,195,54,113,112,93,74,73,0,40,52,29,1493,76436,51587,47329,4258
DED11,"Chemnitz, Kreisfreie Stadt",2004,23408,13090,5575,24792,4436,7992,1255,1513,1424,847,157,717,464,672,353,167,249,298,189,0,106,168,144,4531,208842,90789,88016,2773
DED12,"Plauen, Kreisfreie Stadt",2004,6314,2940,1022,5437,1376,697,299,236,353,393,36,137,156,165,59,340,48,67,48,0,25,36,23,1533,58293,20999,20207,792
DED13,"Zwickau, Kreisfreie Stadt",2004,10043,4341,1331,9208,1579,1220,606,541,688,584,35,312,263,335,271,99,99,173,110,0,34,67,133,2515,84472,33683,32072,1611
DED14,Annaberg,2004,15476,2978,972,6905,1684,1387,582,309,784,2349,58,276,232,670,147,100,321,133,41,0,55,79,66,4527,70966,37766,35604,2162
DED15,Chemnitzer Land,2004,18010,5976,1892,11174,2644,1504,890,750,1058,1741,77,433,297,582,281,150,193,169,94,0,62,93,77,4249,114456,50997,48147,2850
DED16,Freiberg,2004,23669,5800,2361,13771,3250,2173,1021,608,1744,2831,117,612,494,356,447,171,293,311,138,0,84,152,102,6108,121691,63985,60505,3480
DED17,Vogtlandkreis,2004,27290,8723,2355,14959,3786,2829,1100,693,1297,4245,86,531,523,1272,257,266,332,257,130,0,75,129,72,8175,164716,75120,71207,3913
DED18,Mittlerer Erzgebirgskreis,2004,15541,3276,1033,7314,2217,1703,648,242,819,1520,58,297,255,534,130,131,301,162,75,0,37,75,46,3621,76054,39024,36414,2610
DED19,Mittweida,2004,20617,5807,1595,11200,2634,2117,874,585,1118,1603,75,470,333,447,170,151,160,183,98,0,61,115,66,3932,111058,53690,50479,3211
DED1A,Stollberg,2004,12694,4023,1150,8046,1635,1943,609,368,704,2132,50,300,208,482,125,61,235,121,78,0,51,59,39,3941,76226,36917,35113,1804
DED1B,Aue-Schwarzenberg,2004,20591,4941,1307,11460,2235,2102,793,465,1073,2079,70,407,330,1179,261,126,316,211,88,0,65,87,69,5288,112672,53124,50255,2869
DED1C,Zwickauer Land,2004,18768,5387,1583,11313,2536,1791,760,524,1044,879,58,440,350,758,227,145,266,181,94,0,52,99,105,3654,109471,50464,47360,3104
DED21,"Dresden, Kreisfreie Stadt",2004,54178,19929,25141,42411,9877,3281,2492,3791,3208,3816,394,1208,1542,550,811,626,347,684,408,0,154,302,747,11589,393808,182163,175897,6266
DED22,"Görlitz, Kreisfreie Stadt",2004,6426,2134,1197,4579,1036,418,484,492,604,1075,42,228,229,83,75,68,99,98,56,0,31,60,114,2258,48033,20571,19628,943
DED23,"Hoyerswerda, Kreisfreie Stadt",2004,3995,1943,455,4719,641,367,170,201,371,206,15,151,138,26,91,47,28,73,40,0,17,34,28,894,37567,14364,13756,608
DED24,Bautzen,2004,26086,4887,2210,12366,3287,1866,1131,668,1731,1228,106,572,594,374,312,214,189,374,87,0,66,172,132,4420,126298,62387,58652,3735
DED25,Meißen,2004,22315,5447,4066,11059,3456,1564,918,1079,1367,2261,105,524,517,238,371,206,118,220,108,0,51,136,214,5069,124558,59108,56340,2768
DED26,Niederschlesischer Oberlausitzkreis,2004,13947,3462,1239,9026,1662,990,624,445,1191,1374,53,470,396,202,225,109,163,223,90,0,43,112,89,3549,82142,38389,36135,2254
DED27,Riesa-Großenhain,2004,17292,4193,1568,9878,2102,1221,727,564,1248,3403,65,514,323,107,173,118,109,203,62,0,43,117,89,5326,97012,46957,44119,2838
DED28,Löbau-Zittau,2004,22800,4572,2286,12813,3304,1898,1225,859,1480,1272,104,509,582,327,285,219,210,261,87,0,61,147,108,4172,122291,59277,55409,3868
DED29,Sächsische Schweiz,2004,23625,4654,2800,12638,2958,1021,1135,856,1590,4044,100,632,516,127,328,186,133,315,112,0,63,163,159,6878,118240,61047,58155,2892
DED2A,Weißeritzkreis,2004,23150,4469,2765,9642,2546,2626,774,666,1400,1071,89,412,391,176,320,128,153,225,80,0,41,97,91,3274,101500,54407,51312,3095
DED2B,Kamenz,2004,23948,6341,2491,13649,3205,1998,1088,725,1852,1299,100,646,569,297,305,203,187,339,109,0,66,205,132,4457,125418,63336,59754,3582
DED31,"Leipzig, Kreisfreie Stadt",2004,38649,28917,18150,40458,6496,2410,2394,2282,2287,1911,289,1051,1003,510,511,386,200,425,394,0,131,313,308,7432,395612,154331,149475,4856
DED32,Delitzsch,2004,16513,6307,1703,10036,2217,1126,679,495,903,689,61,392,288,88,158,139,49,130,82,0,29,87,46,2238,102254,44665,42217,2448
DED33,Döbeln,2004,11927,2682,775,6037,1435,786,356,207,523,590,29,207,204,44,104,74,33,118,56,0,23,64,35,1581,62062,27696,26309,1387
DED34,Leipziger Land,2004,20504,8335,2371,13118,2338,1386,858,598,1169,1035,74,448,426,168,200,220,89,178,115,0,56,118,59,3186,124776,56878,53863,3015
DED35,Muldentalkreis,2004,18524,6538,2322,11083,2506,1087,918,554,1210,3412,74,510,335,230,270,135,98,196,116,0,48,110,57,5591,110444,53227,50333,2894
DED36,Torgau-Oschatz,2004,14322,4365,1244,8105,1889,1343,530,277,892,1070,44,337,339,56,124,157,64,133,78,0,29,74,28,2533,81468,37843,35500,2343
DEE11,"Dessau, Kreisfreie Stadt",2004,7727,5154,1473,6496,1453,330,436,388,537,268,35,205,268,32,86,115,41,100,65,0,23,97,42,1377,66376,26918,25371,1547
DEE12,Anhalt-Zerbst,2004,9032,4462,1036,5537,1686,485,497,331,619,289,46,328,235,55,109,374,72,116,87,0,39,77,82,1909,62211,27553,25594,1959
DEE13,Bernburg,2004,7436,3814,671,5160,1700,425,430,243,464,229,47,199,175,60,89,97,46,88,59,0,28,57,46,1220,56596,23070,21563,1507
DEE14,Bitterfeld,2004,12507,6373,1010,7228,1882,673,791,471,802,440,58,433,293,65,121,187,96,168,112,0,42,114,76,2205,85392,36307,33942,2365
DEE15,Köthen,2004,8399,4349,727,5663,1312,1054,503,270,452,314,51,260,148,63,72,97,60,87,61,0,34,57,55,1359,55899,26003,24088,1915
DEE16,Wittenberg,2004,16667,7676,1659,10362,2466,955,985,557,1022,707,89,504,350,155,158,206,148,226,129,0,78,147,129,3026,104576,48787,45375,3412
DEE21,"Halle (Saale), Kreisfreie Stadt",2004,18249,13606,7305,19565,4424,666,1218,1788,1275,1033,163,610,449,170,329,245,134,345,401,0,66,191,165,4301,196609,75996,72397,3599
DEE22,Burgenlandkreis,2004,17389,7746,1631,10856,2837,914,951,623,897,2058,107,523,362,203,125,149,133,220,170,0,58,140,109,4357,115175,51695,48201,3494
DEE23,Mansfelder Land,2004,12217,6255,841,8477,1742,636,766,547,773,542,87,372,264,84,154,176,112,151,117,0,50,106,86,2301,87411,37525,34555,2970
DEE24,Merseburg-Querfurt,2004,15417,7851,1387,10311,2876,664,759,656,869,764,85,457,304,76,212,114,90,130,144,0,47,106,93,2622,108840,46293,43412,2881
DEE25,Saalkreis,2004,11121,4899,1271,6758,2265,564,652,472,790,476,66,350,252,65,153,96,75,141,103,0,44,84,85,1990,67231,33395,30782,2613
DEE26,Sangerhausen,2004,8290,3850,696,5288,1697,497,405,265,476,576,36,234,164,52,75,121,69,107,66,0,46,71,57,1674,54763,24711,23138,1573
DEE27,Weißenfels,2004,9202,4626,718,6122,1169,565,494,347,605,457,50,286,217,75,102,104,87,99,74,0,34,83,68,1736,63443,27498,25584,1914
DEE31,"Magdeburg, Kreisfreie Stadt",2004,15872,13881,4609,18310,3095,728,1230,1034,1044,640,123,522,295,110,210,243,102,185,221,0,49,129,135,2964,189195,66302,62767,3535
DEE32,Aschersleben-Staßfurt,2004,9393,4855,838,6647,1326,400,528,376,591,546,48,246,177,61,97,313,73,94,97,0,41,66,54,1913,81855,28885,26867,2018
DEE33,Bördekreis,2004,9216,5488,814,5381,1277,325,457,287,575,323,66,274,176,49,78,111,87,112,72,0,40,63,51,1502,64359,27405,25322,2083
DEE34,Halberstadt,2004,9710,3712,955,5201,809,296,385,229,435,386,168,215,128,60,85,76,74,76,59,0,26,73,55,1481,64549,24723,23213,1510
DEE35,Jerichower Land,2004,11542,5989,1242,7423,1687,521,721,418,696,306,61,346,187,76,136,143,100,128,85,0,36,104,69,1777,81008,34729,32016,2713
DEE36,Ohrekreis,2004,15209,7285,1555,8297,2211,499,836,444,852,512,66,425,248,85,140,166,84,151,105,0,52,95,89,2218,95920,42711,39406,3305
DEE37,Stendal,2004,15942,8471,1719,10870,1941,765,845,579,1128,664,99,484,272,215,113,148,168,162,114,0,305,134,99,2977,109266,48516,45237,3279
DEE38,Quedlinburg,2004,8856,4614,1080,5156,1611,305,551,339,511,472,47,279,199,60,101,161,70,108,73,0,23,75,61,1729,63178,26737,24752,1985
DEE39,Schönebeck,2004,8262,3653,743,5049,1043,401,491,338,507,181,25,217,147,124,72,81,62,86,59,0,32,74,47,1207,61557,23297,21694,1603
DEE3A,Wernigerode,2004,11402,6587,1417,7299,1360,425,624,492,798,487,89,296,245,126,103,216,84,178,80,0,42,88,91,2125,78490,34949,32529,2420
DEE3B,Altmarkkreis Salzwedel,2004,12672,6469,1289,7279,1764,439,652,382,737,447,78,400,191,132,129,110,99,122,111,0,46,101,59,2025,80382,36305,33708,2597
DEF01,"Flensburg, Kreisfreie Stadt",2004,7486,5516,3246,507,1201,113,316,352,128,102,30,115,69,55,38,51,30,31,48,0,12,28,16,625,66793,19820,19490,330
DEF02,"Kiel, Kreisfreie Stadt",2004,21356,17032,13146,1918,3698,363,786,1312,312,365,120,200,160,175,123,109,53,58,108,0,31,49,42,1593,176936,62414,61516,898
DEF03,"Lübeck, Kreisfreie Stadt",2004,21763,16040,8453,1466,2961,330,562,670,295,310,90,181,185,117,87,98,69,48,54,0,26,38,37,1340,164951,54750,53880,870
DEF04,"Neumünster, Kreisfreie Stadt",2004,7354,5040,1726,338,956,100,240,200,100,144,36,74,71,128,37,39,23,7,25,0,15,11,14,624,61258,17010,16678,332
DEF05,Dithmarschen,2004,20040,8669,2433,544,2400,209,376,445,266,184,41,119,137,61,62,96,43,35,42,0,23,28,21,892,107791,37076,36274,802
DEF06,Herzogtum Lauenburg,2004,25588,13336,6850,867,3617,395,632,635,353,470,73,170,202,110,59,111,81,43,51,0,36,40,41,1487,143823,54727,53760,967
DEF07,Nordfriesland,2004,23358,10753,4506,552,2763,163,528,584,372,328,65,156,110,102,73,84,56,57,40,0,25,30,27,1153,129007,45441,44732,709
DEF08,Ostholstein,2004,28725,14990,5705,654,3638,268,604,637,332,269,66,110,153,171,87,94,72,65,34,0,43,36,26,1226,162055,57791,56779,1012
DEF09,Pinneberg,2004,38283,20779,12433,1246,5939,398,930,1504,492,397,118,257,288,296,135,119,99,74,187,0,69,47,63,2149,225624,85670,84153,1517
DEF0A,Plön,2004,18673,10323,5488,629,2326,195,502,789,232,261,51,120,102,95,70,64,40,31,40,0,30,27,27,958,102961,40744,40115,629
DEF0B,Rendsburg-Eckernförde,2004,39734,20250,10328,1212,4751,317,962,1249,580,307,106,280,235,235,106,130,82,61,76,0,73,44,54,1789,213766,82807,81172,1635
DEF0C,Schleswig-Flensburg,2004,28362,13113,5385,746,2987,259,687,754,441,177,87,218,137,124,112,91,58,71,46,0,40,40,32,1233,153316,54955,53967,988
DEF0D,Segeberg,2004,36596,17219,9277,1381,5273,365,849,1288,475,377,101,243,201,205,106,175,86,66,75,0,43,47,50,1775,198646,76052,74498,1554
DEF0E,Steinburg,2004,18874,9079,3804,649,2115,188,402,410,238,235,42,126,120,112,43,110,50,33,45,0,23,29,23,991,105279,37544,36750,794
DEF0F,Stormarn,2004,31195,16846,10368,1074,4775,298,817,1036,347,282,110,193,221,164,107,137,82,67,70,0,47,32,49,1561,175106,69438,68317,1121
DEG01,"Erfurt, Kreisfreie Stadt",2004,25682,13320,8179,23796,3304,1492,1213,1240,1141,793,147,694,495,111,279,235,56,180,204,0,72,111,93,3470,164847,85200,82837,2363
DEG02,"Gera, Kreisfreie Stadt",2004,12577,6000,2170,13572,1558,700,738,712,680,667,56,428,421,91,112,88,34,113,98,0,36,77,68,2289,88658,42607,40996,1611
DEG03,"Jena, Kreisfreie Stadt",2004,12397,9036,7069,11565,2577,786,628,468,577,647,131,402,259,103,195,76,38,110,115,0,43,61,80,2260,83848,48473,47363,1110
DEG04,"Suhl, Kreisfreie Stadt",2004,5043,2600,987,6453,785,250,271,187,282,302,30,204,139,20,90,140,10,63,48,0,18,43,36,1143,36953,18653,18001,652
DEG05,"Weimar, Kreisfreie Stadt",2004,8894,4339,4135,6004,1141,843,405,338,340,267,42,210,147,54,55,38,28,69,43,0,37,33,31,1054,51472,28268,27493,775
DEG06,Eichsfeld,2004,32886,5206,1605,6086,1834,580,358,305,653,1168,407,368,316,76,101,131,86,93,44,0,62,46,27,2925,89018,53818,52438,1380
DEG07,Nordhausen,2004,13263,6584,1565,10493,1488,538,450,315,428,617,46,320,280,85,58,88,37,52,64,0,38,52,50,1787,78557,38097,36911,1186
DEG09,Unstrut-Hainich-Kreis,2004,20315,7572,1738,11318,1925,1023,624,415,727,854,57,469,379,61,140,107,70,90,67,0,74,60,52,2480,94802,49756,48137,1619
DEG0A,Kyffhäuserkreis,2004,14476,5993,1178,9734,1341,557,503,266,529,1141,41,370,298,41,69,127,49,114,45,0,30,60,41,2426,75484,38389,37003,1386
DEG0B,Schmalkalden-Meiningen,2004,21626,9182,2654,17273,2997,1447,933,575,1001,836,94,669,616,146,381,280,91,286,77,0,55,102,350,3983,117138,64091,61671,2420
DEG0C,Gotha,2004,25136,9940,2962,16035,2625,1731,1119,646,958,816,95,648,581,113,217,262,94,220,99,0,76,129,206,3556,120426,67102,64708,2394
DEG0D,Sömmerda,2004,14108,4784,1328,8469,1462,919,589,286,540,666,35,343,286,35,86,64,26,76,50,0,35,45,53,1800,65150,35550,34285,1265
DEG0E,Hildburghausen,2004,11653,4899,992,7726,1158,693,338,147,416,470,52,321,244,40,89,90,29,66,42,0,40,48,26,1557,60116,30655,29579,1076
DEG0F,Ilm-Kreis,2004,20062,8100,2824,13556,2243,1165,831,539,859,758,79,498,437,89,167,193,56,137,88,0,48,86,65,2701,98645,54918,52880,2038
DEG0G,Weimarer Land,2004,16598,5899,1978,8777,1860,1386,638,368,633,760,59,429,308,49,158,65,34,94,65,0,47,56,60,2184,73264,41708,40321,1387
DEG0H,Sonneberg,2004,9894,4132,898,7425,976,597,356,209,448,488,32,268,236,42,97,65,20,88,42,0,33,55,40,1506,55681,27517,26441,1076
DEG0I,Saalfeld-Rudolstadt,2004,20855,8664,2197,14012,2215,1094,785,534,952,1708,82,575,431,52,152,156,51,180,98,0,57,106,100,3748,106518,57224,55056,2168
DEG0J,Saale-Holzland-Kreis,2004,16538,6558,2020,10531,1995,1048,606,376,687,672,60,483,402,106,125,91,37,122,60,0,44,67,83,2352,76095,44310,42711,1599
DEG0K,Saale-Orla-Kreis,2004,15903,6412,1541,10819,1797,1016,607,324,681,740,63,433,335,115,134,97,79,123,82,0,52,78,114,2445,78906,43095,41545,1550
DEG0L,Greiz,2004,21301,7795,2018,11994,2264,1359,819,548,951,844,65,572,470,204,161,143,87,160,99,0,47,106,72,3030,100144,54341,52079,2262
DEG0M,Altenburger Land,2004,16464,6641,1294,11056,1881,1152,719,481,713,807,55,406,416,119,129,107,51,83,67,0,39,68,42,2389,91868,44710,42790,1920
DEG0N,"Eisenach, Kreisfreie Stadt",2004,5798,3149,1456,4959,663,412,287,221,285,191,55,150,145,45,51,41,20,85,38,0,19,40,36,916,36466,18674,18146,528
DEG0P,Wartburgkreis,2004,23422,10298,2667,15240,2720,1877,1001,476,1223,1162,103,765,736,103,488,198,110,345,112,0,70,123,374,4689,116739,65909,63613,2296
DE11,Stuttgart,2004,647677,295056,198510,15282,101893,53692,18285,15923,13873,6715,9005,9810,7434,12838,5066,2392,2425,1792,1218,0,992,802,684,61173,2735734,1465842,1421364,44478
DE12,Karlsruhe,2004,444699,205261,131165,11393,66768,22686,14116,9472,10508,6686,3103,5961,6367,6810,3291,2115,1859,1342,980,0,985,724,432,40655,1921519,997798,956723,41075
DE13,Freiburg,2004,371810,145934,126827,8783,51051,14879,11637,7946,9858,4218,4079,5767,5585,4975,2932,1347,1820,1283,675,0,795,659,364,34499,1561443,819969,783224,36745
DE14,Tübingen,2004,349988,104857,94027,7030,40966,17562,8446,5528,8053,4211,5719,4993,4536,3845,2782,1300,1830,1067,490,0,1018,480,330,32601,1268415,693803,669058,24745
DE21,Oberbayern,2004,661585,172389,185765,11703,59600,21611,12085,8173,6478,3671,31059,3929,4402,2329,2850,1965,2164,2433,982,13721,897,539,964,71905,2993813,1222050,1211294,10756
DE22,Niederbayern,2004,201295,34997,19637,1804,10288,7612,2643,1425,1773,1963,14319,1074,1466,437,473,476,573,404,186,4586,233,132,173,26495,910456,311696,307969,3727
DE23,Oberpfalz,2004,185523,45501,22410,2244,8980,5619,2406,1375,1790,1665,11615,1043,1352,550,1814,959,619,378,217,3521,319,160,145,24357,834595,303804,300205,3599
DE24,Oberfranken,2004,199534,66219,28191,2880,12300,8561,2954,1601,2241,3231,3884,1208,1544,1721,693,678,585,452,249,2506,287,213,145,17396,864104,346828,341877,4951
DE25,Mittelfranken,2004,262120,102733,70398,6498,20017,10570,4898,3552,3372,4529,8906,1997,2111,3124,1075,842,715,769,499,2758,606,301,285,28517,1245756,518169,512675,5494
DE26,Unterfranken,2004,235271,62725,42260,3594,18210,15044,3685,2430,2973,2348,7381,1788,1880,1250,846,719,1020,539,282,2095,395,267,203,21013,1017948,413122,407205,5917
DE27,Schwaben,2004,318572,64642,52358,3567,21682,12431,4981,3363,3410,2743,10695,2118,2781,1662,1480,922,1544,883,352,5965,485,261,379,32270,1306540,523127,517276,5851
DE30,Berlin,2004,243083,176955,210032,132381,49275,12621,14549,35772,11428,8502,1945,4955,4204,2182,2938,2536,1055,1467,2903,0,710,1410,1118,35925,2444105,942981,922021,20960
DE41,Brandenburg - Nordost,2004,58394,50943,17363,82992,11077,3100,4238,4118,4188,5665,590,2485,1714,727,885,701,586,659,774,0,284,497,450,16017,959886,257627,252430,5197
DE42,Brandenburg - Südwest,2004,75194,63647,26362,89243,15076,4119,4831,4581,5421,4273,700,2789,2161,858,1185,1112,696,724,851,0,348,589,510,16796,1155660,311573,305270,6303
DE50,Bremen,2004,49915,54395,39814,6627,11260,1562,2668,4458,976,1483,222,1014,952,765,310,843,169,250,415,0,128,184,120,6855,485463,181108,178530,2578
DE60,Hamburg,2004,154690,106325,103454,11872,22991,1589,3237,5640,1534,1831,677,1351,1217,1027,613,684,255,395,900,0,172,260,315,9697,1227905,428863,421029,7834
DE71,Darmstadt,2004,406517,216832,166445,20381,79814,25222,14363,12054,7213,7798,2093,5574,4723,2993,2498,3642,1878,1286,1925,0,1134,869,781,37194,2603702,1011469,986035,25434
DE72,Gießen,2004,114879,69494,33632,6053,18180,5804,3181,2313,2011,2377,673,1362,1391,2098,558,1032,686,360,497,0,403,225,199,11861,790865,274397,267408,6989
DE73,Kassel,2004,137919,106186,40442,7137,23063,5884,4032,3799,3029,2882,714,2034,2139,1325,810,1553,838,502,509,0,395,342,205,14248,966301,360812,345739,15073
DE80,Mecklenburg-Vorpommern,2004,255835,97045,28665,130782,23441,6238,9258,6266,11176,10434,671,6273,4960,1480,2419,1283,643,1870,1538,0,596,1403,700,34270,1413717,636920,602976,33944
DE91,Braunschweig,2004,212787,159279,58287,10618,28907,6499,5601,5293,3383,4762,696,1710,2026,1672,814,1215,675,508,583,0,396,339,281,15677,1274098,514975,506331,8644
DE92,Hannover,2004,271640,203928,89660,12754,44699,6044,6425,7422,4209,4925,1016,2138,2966,2476,1386,1712,871,630,697,0,439,455,435,20146,1638075,678110,666927,11183
DE93,Lüneburg,2004,226974,124167,69241,8913,33763,5124,5020,5644,3551,4104,751,1705,1829,2001,923,1687,547,532,433,0,327,355,301,15495,1307778,504577,497892,6685
DE94,Weser-Ems,2004,378165,179181,73083,10100,44149,4319,6167,5784,4656,3429,928,2425,2553,1689,1119,1516,949,739,833,0,580,481,342,17583,1844270,735713,723187,12526
DEA1,Düsseldorf,2004,646917,387446,185080,35763,123294,19649,18819,24053,11113,8649,2401,6787,6417,3139,2958,2806,1800,1525,2286,0,2660,1158,966,43552,3823617,1521401,1495686,25715
DEA2,Köln,2004,581471,300407,202435,26347,112897,11167,14572,18126,7785,7314,2463,5346,4872,2871,2532,2346,1820,1104,1316,0,1455,815,751,35005,3118195,1330083,1310212,19871
DEA3,Münster,2004,392958,206510,91825,14493,51880,9604,8124,8703,6075,4220,2128,3470,2978,1050,1470,1517,1097,702,1216,0,1262,523,367,22000,1946524,825109,812172,12937
DEA4,Detmold,2004,303989,161467,74058,10454,42349,6504,5207,5576,4384,3571,1324,2300,2878,3429,1117,1468,1092,521,560,0,622,467,306,19655,1547039,643975,633643,10332
DEA5,Arnsberg,2004,478779,318621,119292,25514,68334,15911,13853,15154,8343,7884,1734,5042,4973,3238,2048,2411,1919,1124,1391,0,1303,853,702,34622,2783157,1116503,1098423,18080
DEB1,Koblenz,2004,322288,165478,51250,7290,42377,8407,9517,6195,6134,4279,1579,3268,3658,2918,1433,1438,1167,863,608,0,656,512,301,22680,1168260,672073,641616,30457
DEB2,Trier,2004,124378,48930,20808,2207,13740,2713,3537,2070,2672,1617,533,1247,1141,355,651,360,384,333,275,0,239,229,123,7487,399836,242113,228542,13571
DEB3,Rheinhessen-Pfalz,2004,362671,224936,82667,10996,54834,34807,15063,8404,10485,6804,3828,5382,5089,2992,2129,1924,1427,1448,952,0,760,841,460,34036,1500030,875730,838899,36831
DEC0,Saarland,2004,194751,131275,34037,8807,19467,5504,6832,6879,11119,7302,673,2172,1905,467,984,1123,964,707,953,0,374,470,244,18338,818800,467966,437009,30957
DED1,Chemnitz,2004,212421,67282,22176,135579,30012,27458,9437,6834,12106,21203,877,4932,3905,7452,2728,1907,2813,2266,1183,0,707,1159,942,52074,1308917,606558,575379,31179
DED2,Dresden,2004,237762,62031,46218,142780,34074,17250,10768,10346,16042,21049,1173,5866,5797,2507,3296,2124,1736,3015,1239,0,636,1545,1903,51886,1376867,662006,629157,32849
DED3,Leipzig,2004,120439,57144,26565,88837,16881,8138,5735,4413,6984,8707,571,2945,2595,1096,1367,1111,533,1180,841,0,316,766,533,22561,876616,374640,357697,16943
DEE1,Dessau,2004,61768,31828,6576,40446,10499,3922,3642,2260,3896,2247,326,1929,1469,430,635,1076,463,785,513,0,244,549,430,11096,431050,188638,175933,12705
DEE2,Halle,2004,91885,48833,13849,67377,17010,4506,5245,4698,5685,5906,594,2832,2012,725,1150,1005,700,1193,1075,0,345,781,663,18981,693472,297113,278069,19044
DEE3,Magdeburg,2004,128076,71004,16261,86912,18124,5104,7320,4918,7874,4964,870,3704,2265,1098,1264,1768,1003,1402,1076,0,692,1002,810,21918,969759,394559,367511,27048
DEF0,Schleswig-Holstein,2004,367387,198985,103148,13783,49400,3961,9193,11865,4963,4208,1136,2562,2391,2150,1245,1508,924,747,941,0,536,526,522,19396,2187312,796239,782081,14158
DEG0,Thüringen,2004,384891,157103,55455,256893,42809,22665,14818,9976,15704,17374,1886,10025,8377,1900,3534,2882,1193,2949,1747,0,1072,1652,2099,56690,1960795,1053065,1017004,36061
DE1,Baden-Württemberg,2004,1814174,751108,550529,42488,260678,108819,52484,38869,42292,21830,21906,26531,23922,28468,14071,7154,7934,5484,3363,0,3790,2665,1810,168928,7487111,3977412,3830369,147043
DE2,Bayern,2004,2063900,549206,421019,32290,151077,81448,33652,21919,22037,20150,87859,13157,15536,11073,9231,6561,7220,5858,2767,35152,3222,1873,2294,221953,9173212,3638796,3598501,40295
DE3,Berlin,2004,243083,176955,210032,132381,49275,12621,14549,35772,11428,8502,1945,4955,4204,2182,2938,2536,1055,1467,2903,0,710,1410,1118,35925,2444105,942981,922021,20960
DE4,Brandenburg,2004,133588,114590,43725,172235,26153,7219,9069,8699,9609,9938,1290,5274,3875,1585,2070,1813,1282,1383,1625,0,632,1086,960,32813,2115546,569200,557700,11500
DE5,Bremen,2004,49915,54395,39814,6627,11260,1562,2668,4458,976,1483,222,1014,952,765,310,843,169,250,415,0,128,184,120,6855,485463,181108,178530,2578
DE6,Hamburg,2004,154690,106325,103454,11872,22991,1589,3237,5640,1534,1831,677,1351,1217,1027,613,684,255,395,900,0,172,260,315,9697,1227905,428863,421029,7834
DE7,Hessen,2004,659315,392512,240519,33571,121057,36910,21576,18166,12253,13057,3480,8970,8253,6416,3866,6227,3402,2148,2931,0,1932,1436,1185,63303,4360868,1646678,1599182,47496
DE8,Mecklenburg-Vorpommern,2004,255835,97045,28665,130782,23441,6238,9258,6266,11176,10434,671,6273,4960,1480,2419,1283,643,1870,1538,0,596,1403,700,34270,1413717,636920,602976,33944
DE9,Niedersachsen,2004,1089566,666555,290271,42385,151518,21986,23213,24143,15799,17220,3391,7978,9374,7838,4242,6130,3042,2409,2546,0,1742,1630,1359,68901,6064221,2433375,2394337,39038
DEA,Nordrhein-Westfalen,2004,2404114,1374451,672690,112571,398754,62835,60575,71612,37700,31638,10050,22945,22118,13727,10125,10548,7728,4976,6769,0,7302,3816,3092,154834,13218532,5437071,5350136,86935
DEB,Rheinland-Pfalz,2004,809337,439344,154725,20493,110951,45927,28117,16669,19291,12700,5940,9897,9888,6265,4213,3722,2978,2644,1835,0,1655,1582,884,64203,3068126,1789916,1709057,80859
DEC,Saarland,2004,194751,131275,34037,8807,19467,5504,6832,6879,11119,7302,673,2172,1905,467,984,1123,964,707,953,0,374,470,244,18338,818800,467966,437009,30957
DED,Sachsen,2004,570622,186457,94959,367196,80967,52846,25940,21593,35132,50959,2621,13743,12297,11055,7391,5142,5082,6461,3263,0,1659,3470,3378,126521,3562400,1643204,1562233,80971
DEE,Sachsen-Anhalt,2004,281729,151665,36686,194735,45633,13532,16207,11876,17455,13117,1790,8465,5746,2253,3049,3849,2166,3380,2664,0,1281,2332,1903,51995,2094281,880310,821513,58797
DEF,Schleswig-Holstein,2004,367387,198985,103148,13783,49400,3961,9193,11865,4963,4208,1136,2562,2391,2150,1245,1508,924,747,941,0,536,526,522,19396,2187312,796239,782081,14158
DEG,Thüringen,2004,384891,157103,55455,256893,42809,22665,14818,9976,15704,17374,1886,10025,8377,1900,3534,2882,1193,2949,1747,0,1072,1652,2099,56690,1960795,1053065,1017004,36061
DE,GERMANY,2004,11476897,5547971,3079728,1579109,1565431,485662,331388,314402,268468,241743,145537,145312,135015,98651,70301,62005,46037,43128,37160,35152,26803,25795,21983,1134622,61682394,26523104,25783678,739426
